Name,Discord,Playing Launch,Playing Beta,UBG Discord,AE Discord,UBG Guilded,AE Discord,Guild,Notes,Discord Id
Bodnapa,Bodnapa#0001,TRUE,TRUE,TRUE,TRUE,TRUE,TRUE,Unbroken,He is a giant NEEEEEERRRRRD!!!!,157656638973542400
Epsom,Epsom#0599,TRUE,TRUE,TRUE,TRUE,TRUE,TRUE,Unbroken,,248689117859282955
SkyObstacle,SkyObstacle#1046,TRUE,TRUE,TRUE,TRUE,TRUE,FALSE,Unbroken,,218950608244310016
FearItself,FearItself#0376,TRUE,FALSE,TRUE,TRUE,TRUE,TRUE,Unbroken,,277108294781239306
Langs,Langs#8467,TRUE,TRUE,TRUE,TRUE,TRUE,TRUE,Unbroken,,111831226788155392
TreeKneeChee,TreeKneeChee#2084,TRUE,TRUE,TRUE,TRUE,TRUE,FALSE,Unbroken,,467487442685919233
Rightlend,Rightlend#3164,TRUE,TRUE,TRUE,TRUE,TRUE,TRUE,Unbroken,,212421349606555649
AdmiralByrd,AdmiralByrd#5827,FALSE,FALSE,FALSE,FALSE,FALSE,FALSE,Unbroken,Did not like New World,314896946483560451
MissaTDouge,mistaT#8731,TRUE,FALSE,TRUE,TRUE,TRUE,FALSE,Unbroken,,753431558983123146
ActionJaxon,actionjaxonla#4273,TRUE,TRUE,TRUE,TRUE,TRUE,FALSE,Unbroken,,799892008935751703
Bromatic,Bromatic#4526,TRUE,TRUE,TRUE,TRUE,FALSE,FALSE,Unbroken,,236703868073934848
Klytzkrieg,Klytzkrieg#3185,TRUE,TRUE,TRUE,FALSE,FALSE,FALSE,Unbroken,"Internally Applied, Cb Member.",208032416432914433
MrBurbbles,MrBurbbles#1774,TRUE,TRUE,TRUE,TRUE,TRUE,TRUE,Unbroken,,140319810096594944
Qrow,Qrow#0286,TRUE,TRUE,TRUE,FALSE,TRUE,TRUE,Unbroken,,886663723245252638
Wilber,Wilber#3561,TRUE,TRUE,TRUE,TRUE,FALSE,FALSE,Unbroken,,878531834219233340
Don,don#0467,FALSE,FALSE,FALSE,FALSE,FALSE,FALSE,Unbroken,This teenager has mood swings about New World. lol,123204830331142146
Morgan Reed,Morgan Reed#3155,TRUE,FALSE,TRUE,TRUE,FALSE,FALSE,Unbroken,He is not sure about beta.,885910525521842196
VOLT_Arivaderci,VOLT_Arivaderci#7406,FALSE,FALSE,TRUE,TRUE,FALSE,FALSE,Unbroken,Epsom will handle,798663727598796830
~Diablo~,~Diablo~#0391,TRUE,FALSE,TRUE,FALSE,FALSE,FALSE,Unbroken,Okami will handle,741679324247228416
Dasa (AKA BrienW),BrienW#4717,TRUE,TRUE,TRUE,TRUE,FALSE,FALSE,Unbroken,Bromatic's friend ,431649510696026135
Black Tim Howard,Noxid#5476,TRUE,FALSE,TRUE,TRUE,FALSE,FALSE,Unbroken,Epsom will handle,189239789164298243
Fonnix,Fonnix#1355,TRUE,TRUE,TRUE,TRUE,FALSE,FALSE,Unbroken,,128518612448182272
Koinoir,floob#8008,TRUE,TRUE,TRUE,TRUE,FALSE,TRUE,Unbroken,,748727198525030440
LatoGreenPaw,LatoGreenpaw#6201,TRUE,TRUE,TRUE,TRUE,FALSE,TRUE,Unbroken,,886390318440800306
AyameWolcrest,Okami#3831,TRUE,FALSE,TRUE,FALSE,TRUE,TRUE,Unbroken,Lyxen's husband,309410238438834176
Belewyn,Belewyn#0001,FALSE,FALSE,TRUE,TRUE,FALSE,FALSE,Unbroken,Katieyay's wife - might not play with UBG because Katie left.,240971945204645888
bleezii,bleezii#4738,TRUE,TRUE,TRUE,TRUE,FALSE,TRUE,Unbroken,Recruited in game back in NW preview,383150197363965953
Bobagginz,Bobagginz#9141,FALSE,FALSE,TRUE,FALSE,FALSE,FALSE,Unbroken,Epsom will handle,400141262423982081
Commandore,OddballSTG#3596,TRUE,TRUE,TRUE,FALSE,FALSE,FALSE,Unbroken,,886409970919301160
eEyore(he/haw),eEyore(he/haw)#5123,TRUE,TRUE,TRUE,FALSE,FALSE,TRUE,Unbroken,,574304212737851425
eyewall,Chitlenz#4027,TRUE,TRUE,TRUE,TRUE,FALSE,FALSE,Unbroken,,748219703532454069
ibsararochelle,ibsararochelle#7455,FALSE,FALSE,TRUE,FALSE,TRUE,FALSE,Unbroken,Okami will handle,273234249891708929
Ivecal,Ivecal#3307,TRUE,TRUE,TRUE,TRUE,FALSE,FALSE,Unbroken,,633097617835819028
jizzucie,jizzucie#6672,FALSE,FALSE,TRUE,FALSE,FALSE,FALSE,Unbroken,Epsom need to convince him :),885972111645081631
Komissar,Komissar#0790,TRUE,FALSE,TRUE,TRUE,FALSE,FALSE,Unbroken,,886437774050361414
Laakien,Laakien#7641,FALSE,FALSE,TRUE,,FALSE,FALSE,Unbroken,He said he will not play New World. If things gets interesting later he will hop on and play with us. he will not be playing at launch with us.,885694274077859900
Lyxen,Lyxen#7587,TRUE,FALSE,TRUE,FALSE,TRUE,FALSE,Unbroken,Okami's wife,775904401839095808
MoxieMoon,MoxieMoon#6842,TRUE,FALSE,TRUE,FALSE,FALSE,FALSE,Unbroken,Maybe for launch.,882873727757463562
Regicide,Regicide#0725,TRUE,TRUE,TRUE,TRUE,FALSE,FALSE,Unbroken,,886442306876612678
ShrubSorcerer,ShrubSorcerer#8122,TRUE,FALSE,TRUE,FALSE,FALSE,FALSE,Unbroken,,750330164080017460
sutton^,sutton^#5670,FALSE,FALSE,FALSE,FALSE,FALSE,FALSE,Unbroken,Contacted him. No response yet.,257284656863379457
TennoKai (AKA Raiu),TennoKai#3966,TRUE,TRUE,TRUE,TRUE,FALSE,FALSE,Unbroken,,872254343431209031
TheGreatNavajose,TheGreatNavajose#8854,TRUE,TRUE,TRUE,FALSE,FALSE,FALSE,Unbroken,,253394213402574849
Tranquill,Tranquill#6239,FALSE,FALSE,TRUE,FALSE,FALSE,FALSE,Unbroken,Epsom will handle,538362762267459587
Ujurak,Ujurak#6595,TRUE,TRUE,TRUE,TRUE,FALSE,FALSE,Unbroken,,189385431454973963
UlfTheWhite,UlfTheWhite#5435,FALSE,FALSE,TRUE,FALSE,TRUE,TRUE,Unbroken,Not going to play for launch. will probably join later,271814231664492544
Vurelius,Vurelius#1175,FALSE,FALSE,TRUE,TRUE,FALSE,FALSE,Unbroken,Changed his mind about NW. does not want to play it anymore. will contact again if he wants to,319696956844933128
yopandaexpress,yopandaexpress#5385,TRUE,TRUE,TRUE,TRUE,FALSE,TRUE,Unbroken,,144140617553805313
Kdawg0612,Kdawg0612#9258,TRUE,TRUE,TRUE,TRUE,FALSE,FALSE,Unbroken,,198230641207279616
eUkanloZ,Cloud#3318,TRUE,TRUE,TRUE,TRUE,FALSE,FALSE,Unbroken,,220991928341102592
fishstxx ,fishstxx#8597,TRUE,FALSE,FALSE,TRUE,FALSE,FALSE,Unbroken,,78483621622587392
Jaxo,Jaxo#8699,TRUE,TRUE,TRUE,TRUE,FALSE,TRUE,Unbroken,,183416731547467777
Mr Double D,Mr_Double_D#9971,FALSE,FALSE,FALSE,TRUE,TRUE,TRUE,Unbroken,Epsom will handle,309736257867612160
Airborn4life,Airborn4life#8411,FALSE,FALSE,FALSE,TRUE,TRUE,FALSE,Unbroken,No Response,747673625305284648
Supreme Commander Miggzz,Supreme Commander Miggzz#8625,TRUE,FALSE,TRUE,TRUE,FALSE,FALSE,Unbroken,,886493680557494303
Ulrich,ulrich#8672,TRUE,FALSE,TRUE,FALSE,TRUE,TRUE,Unbroken,,225973465352634368
Shrak,Shrak#2329,FALSE,FALSE,FALSE,FALSE,FALSE,FALSE,Unbroken,Abruptly left our server.,190964565020770304
Menso,Menso#1447,TRUE,TRUE,TRUE,FALSE,FALSE,FALSE,Unbroken,,867213342699421707
Galroth,Veshuinn#8317,TRUE,TRUE,TRUE,FALSE,FALSE,FALSE,Unbroken,,867062553296371742
Dornkirk,Dornkirk#1632,TRUE,TRUE,TRUE,TRUE,FALSE,FALSE,Unbroken, ,885004305663402015
Polarbz,Polarbz#9498,FALSE,FALSE,FALSE,FALSE,FALSE,FALSE,Unbroken,Unknown / Does not want to play with us.,885698673646915624
Sriracha,Sriracha#6047,FALSE,FALSE,FALSE,FALSE,FALSE,FALSE,Unbroken,Did not like New World,881394812211851307
MayQraw,MayQraw#3804,TRUE,TRUE,TRUE,TRUE,FALSE,FALSE,Unbroken,,116352184794349569
Javi,Javi#2896,FALSE,FALSE,FALSE,FALSE,FALSE,FALSE,Unbroken,Abruptly left our server.,882109391178985493
KATIEYAY,KATIEYAY#5680,FALSE,FALSE,FALSE,FALSE,FALSE,FALSE,Unbroken,Belewyn's wife - She does not like our type and feels does not fit in with us,864676800826834965
xPLAYSVENx,xPLAYSVENx#5170,FALSE,FALSE,FALSE,FALSE,FALSE,FALSE,Unbroken,Firenation - Wants to create his own company,646472182754705412
Shyne,Shyne#0295,FALSE,FALSE,FALSE,FALSE,FALSE,FALSE,Unbroken,Firenation - Wants to create his own company,208048151439998977
Edward,EdwardVonDerpinburg#9020,FALSE,FALSE,FALSE,FALSE,FALSE,FALSE,Unbroken,Firenation - Wants to create his own company,228953762046148608
Pancakes Du Jour,Pancakes Du Jour#4002,TRUE,TRUE,TRUE,TRUE,FALSE,FALSE,Unbroken,Belewyn's friend from knights of ni,867587770213990411
Darkstar,Darkstar#5283,TRUE,TRUE,TRUE,TRUE,FALSE,FALSE,Unbroken,Came from UBG. i think he played CB with us before.,192420994697265152
Proxcy,Proxcy#5460,TRUE,TRUE,TRUE,TRUE,FALSE,FALSE,Unbroken,,394382851476422669
Ardez,Ardez#9999,TRUE,TRUE,TRUE,TRUE,FALSE,FALSE,Unbroken,,124692818915491844
Ratrap,Retrap#1212,FALSE,FALSE,TRUE,FALSE,FALSE,FALSE,Unbroken,,640770982948110367
H2OBeatZz,[UBG] H2OBeatZz#6259,TRUE,TRUE,TRUE,TRUE,FALSE,FALSE,Unbroken,,171624708490526721
Heavy Hitta / BigStickTrev,Trev#6937,FALSE,FALSE,FALSE,FALSE,FALSE,FALSE,Unbroken,Unknown / Does not want to play with us.,189507128719966218
DarkMule,RustyNail#7133,FALSE,FALSE,TRUE,FALSE,FALSE,FALSE,Unbroken,CB member. Internally applied.,375399291440594944
JJffcc340,JJffcc340#2837,FALSE,FALSE,TRUE,FALSE,FALSE,FALSE,Unbroken,Sky will handle him,868193757718278176
Kick,Kick#3516,FALSE,FALSE,TRUE,FALSE,FALSE,FALSE,Unbroken,,1.20951E+17
Rawrtiludrop,Nir Ezakuzus#3950,FALSE,FALSE,TRUE,TRUE,FALSE,FALSE,Unbroken,CB member. Internally applied.,272545812028850176
Larry,Larry#8398,FALSE,FALSE,TRUE,FALSE,FALSE,FALSE,Unbroken,,150483759693561856
Myles,Myles#4166,FALSE,FALSE,TRUE,FALSE,FALSE,FALSE,Unbroken,,118877173447655425
Axolotlo,Bougainvillea#1964,TRUE,FALSE,TRUE,TRUE,FALSE,FALSE,Unbroken,,266377795591077888
DixLeurres,Alexandre#9804,FALSE,FALSE,TRUE,FALSE,FALSE,FALSE,Unbroken,,191612597877997569
,Drew2Ezy#0958,FALSE,FALSE,FALSE,FALSE,FALSE,FALSE,Unbroken,Firenation - Wants to create his own company,492435650985984004
EggtoastBacon,‚ôàTiMicLeEGG#5588,TRUE,FALSE,TRUE,FALSE,FALSE,FALSE,Unbroken,,205522508042993665
HardKnock,HardKnock#6256,TRUE,FALSE,TRUE,FALSE,FALSE,FALSE,Unbroken,Rightlend's friend,867479749273976882
Saint Vincent,JasonGreen#1225,TRUE,TRUE,TRUE,TRUE,FALSE,FALSE,Unbroken,,371517149396598784
Knut,Knut#2574,FALSE,FALSE,TRUE,FALSE,FALSE,FALSE,Unbroken,CB member. Internally applied.,706028730845364244
Racattack,Racattack#1617,TRUE,TRUE,TRUE,TRUE,FALSE,FALSE,Unbroken,,875780807317413938
RagingToby,RagingToby#7195,FALSE,FALSE,FALSE,FALSE,FALSE,FALSE,Unbroken,Abruptly left our server.,366382026473078784
Roxeth,Roxeth#7549,TRUE,TRUE,TRUE,TRUE,FALSE,FALSE,Unbroken,Bromatic's friend ,239801004713836545
SojuNinja,SojuNinja#6447,TRUE,FALSE,TRUE,FALSE,FALSE,FALSE,Unbroken,,150899419925970944
Don'tCatchHerPeas,<BigTuck/>#4483,TRUE,TRUE,TRUE,TRUE,FALSE,FALSE,Unbroken,Recruited in game. Friend of a Friends CB,97097626264010752
Kinky,Kinky#9123,TRUE,TRUE,TRUE,TRUE,FALSE,FALSE,Unbroken,Bromatic's friend ,394399549407363072
Aero,Aero#4050,TRUE,TRUE,TRUE,TRUE,FALSE,FALSE,Unbroken,Certified Aim God / Bromatic's friend ,150753518225981440
PetKitty,PetKitty#9600,TRUE,FALSE,TRUE,TRUE,FALSE,FALSE,Unbroken,"From CB, Came from a known house called as Gaia.",334883231918718977
Tgore,tgoesham#3283,TRUE,FALSE,TRUE,TRUE,FALSE,FALSE,Unbroken,Friend of Kinky#9123,138714119762083840
TheRealSigmund,Sigmund Ringeck#9043,TRUE,FALSE,TRUE,TRUE,FALSE,FALSE,Unbroken,Recruited through Pax.,233357815714938880
clearScreen,ClearScreen#8745,TRUE,FALSE,FALSE,TRUE,FALSE,FALSE,PAX,Went to PAX,194442289425154049
Drache,Drache#8218,TRUE,FALSE,TRUE,TRUE,FALSE,TRUE,Unbroken,Friends of Poh and recruited through PAX (DEA),154494682443939840
Coraxes,Coraxes#6528,TRUE,FALSE,TRUE,FALSE,FALSE,FALSE,Unbroken,Friends of Poh and recruited through PAX (DEA),153879426042560512
co1aa,co1aa#0783,TRUE,FALSE,TRUE,FALSE,FALSE,TRUE,Unbroken,Friends of Poh and recruited through PAX (DEA),191712545017561088
dunka,dunka#1582,TRUE,FALSE,TRUE,FALSE,FALSE,TRUE,Unbroken,Friends of Poh and recruited through PAX (DEA),109494171491913728
Genton,Genton#2921,TRUE,FALSE,TRUE,FALSE,FALSE,FALSE,Unbroken,Friends of Poh and recruited through PAX (DEA),164915606028550145
Magicker,Magicker#2630,TRUE,FALSE,TRUE,FALSE,FALSE,FALSE,Unbroken,Friends of Poh and recruited through PAX (DEA),872919614437347418
Mostkillingest,Mostkillingest#6754,TRUE,FALSE,TRUE,FALSE,FALSE,TRUE,Unbroken,Friends of Poh and recruited through PAX (DEA),133715318265610240
Jygaboar,Jygaboar #1173,TRUE,FALSE,FALSE,FALSE,FALSE,TRUE,Unbroken,Friends of Poh and recruited through PAX (DEA),233848783681748993
Future,Future#4122,TRUE,FALSE,TRUE,FALSE,FALSE,TRUE,Unbroken,Friends of Poh and recruited through PAX (DEA),132641340868526080
Argus,Argus#0365,TRUE,FALSE,TRUE,FALSE,FALSE,FALSE,Unbroken,Friends of Poh and recruited through PAX (DEA),165172281373491210
Brico,Brico#6265,TRUE,FALSE,TRUE,FALSE,FALSE,FALSE,Unbroken,Friends of Poh and recruited through PAX (DEA),161658010572161024
lics,lics#3162,TRUE,FALSE,TRUE,FALSE,FALSE,FALSE,Unbroken,Friends of Poh and recruited through PAX (DEA),160981204244496386
slowbroz,slowbroz#1482,TRUE,FALSE,TRUE,FALSE,FALSE,FALSE,Unbroken,CB member. Internally applied.,726585135964749916
Its_Crusader,Its_Crusader#2787,TRUE,FALSE,TRUE,FALSE,FALSE,TRUE,Unbroken,Came from CB game. Plays for another house in CB. Interviewed by PaulWeezy,325481140628619265
KiXK,Kixk230#7924,TRUE,FALSE,TRUE,TRUE,FALSE,FALSE,Unbroken,CB member. Internally applied.,503716929748336652
MightySusanoo,MightySusanoo#5659,TRUE,FALSE,TRUE,FALSE,FALSE,FALSE,Unbroken,CB member and also friends of KremeFresh and ex HT,591700497090478110
RandyMarsh,RandyMarsh#3582,TRUE,FALSE,TRUE,FALSE,FALSE,FALSE,Unbroken,"CB Member, Internally applied",541806709438677013
Lexlor,Lexlor#0176,FALSE,FALSE,TRUE,FALSE,FALSE,FALSE,Unbroken,Trying to findout how he got in,857851600391110706
Yourlordship,Quiet_Hero_William#9880,FALSE,FALSE,TRUE,FALSE,FALSE,FALSE,Unbroken,,434363078084132864
Maikis,xRevan5#9890,FALSE,FALSE,FALSE,FALSE,FALSE,FALSE,Unbroken,,209069324097421314
 Nakawe`,Nakawe#2461,TRUE,FALSE,FALSE,FALSE,FALSE,FALSE,PAX,,372867873741209603
 Kaifus,kaifus#0623,TRUE,FALSE,FALSE,FALSE,FALSE,FALSE,PAX,,280447104726466561
 SirPhaba,SirPhaba#8383,TRUE,FALSE,FALSE,FALSE,FALSE,FALSE,PAX,,415217864631648267
 Illune,Illune#8454,TRUE,FALSE,FALSE,FALSE,FALSE,FALSE,PAX,,154339438200225793
 ZeroCool208,ZeroCool#9517,TRUE,FALSE,FALSE,FALSE,FALSE,FALSE,PAX,,426040195599695893
 Darktide,ZeBearDrew#4645,TRUE,FALSE,FALSE,FALSE,FALSE,FALSE,PAX,,223414196027654145
 Kai,iAchilles#0040,TRUE,FALSE,FALSE,FALSE,FALSE,FALSE,PAX,,340947363495542795
 Niba,Nibathy#7104,TRUE,FALSE,FALSE,FALSE,FALSE,FALSE,PAX,,140986188293996544
 Tramlok,Tramlok#7123,TRUE,FALSE,FALSE,FALSE,FALSE,FALSE,PAX,,275762881008631808
 Sui,Sui#2958,TRUE,FALSE,FALSE,FALSE,FALSE,FALSE,PAX,,269990832025763841
 Incandescent Anon,Incandescent Anon (John)#4789,TRUE,FALSE,FALSE,FALSE,FALSE,FALSE,PAX,,425453035053907969
 Sol,Sol#2345,TRUE,FALSE,FALSE,FALSE,FALSE,FALSE,PAX,,364197185006338049
 Sorrow,Sorrow#3566,TRUE,FALSE,FALSE,FALSE,FALSE,FALSE,PAX,,163474088822571008
 DirtyCajunRice,DirtyCajunRice#0001,TRUE,FALSE,FALSE,FALSE,FALSE,FALSE,PAX,,184479429404262410
 Ron MTF Swanson,zoso#6066,TRUE,FALSE,FALSE,FALSE,FALSE,FALSE,PAX,,665336614624690177
 Mofokkah,Moe Falka#1445,TRUE,FALSE,FALSE,FALSE,FALSE,FALSE,PAX,,236973354802872320
 Senek,XpsypieX#0723,TRUE,FALSE,FALSE,FALSE,FALSE,FALSE,PAX,,138469963567464448
 Endry,Endry#7636,TRUE,FALSE,FALSE,FALSE,FALSE,FALSE,PAX,,268081847907516417
 Ender,XIX-Ender-XIX#2979,TRUE,FALSE,FALSE,FALSE,FALSE,FALSE,PAX,,267840004909170693
 Konis,Konis#4574,TRUE,FALSE,FALSE,FALSE,FALSE,FALSE,PAX,,164778362517192704
 Muireann,ùí´ùíΩùìäùëíùíæùìÉ#1950,TRUE,FALSE,FALSE,FALSE,FALSE,FALSE,PAX,,231424420038574080
 Saitou,Saitou#2635,TRUE,FALSE,FALSE,FALSE,FALSE,FALSE,PAX,,211247510755344384
 Vipere,bFamous#0739,TRUE,FALSE,FALSE,FALSE,FALSE,FALSE,PAX,,118560326131122178
 xJinXx,JinX#2418,TRUE,FALSE,FALSE,FALSE,FALSE,FALSE,PAX,,117772469783232520
 Bowweaver,Bowweaver#5156,TRUE,FALSE,FALSE,FALSE,FALSE,FALSE,PAX,,263820125717659659
 Loqutis,Loqutis#2216,TRUE,FALSE,FALSE,FALSE,FALSE,FALSE,PAX,,339469993026519043
 Motornerve,Motornerve#0824,TRUE,FALSE,FALSE,FALSE,FALSE,FALSE,PAX,,254539065901318144
 Adlahna,Adlahna#0141,TRUE,FALSE,FALSE,FALSE,FALSE,FALSE,PAX,,510901246367105035
 Kinkfu,KonDrunk#1441,TRUE,FALSE,FALSE,FALSE,FALSE,FALSE,PAX,,329552483875815425
 Shatteredidol,Shatteredlol#3840,TRUE,FALSE,FALSE,FALSE,FALSE,FALSE,PAX,,120741589948563456
 Xylona,Xylona#4621,TRUE,FALSE,FALSE,FALSE,FALSE,FALSE,PAX,,171767271490846720
 Vayu,$Vayu#2091,TRUE,FALSE,FALSE,FALSE,FALSE,FALSE,PAX,,106180306981138432
 Duinan,Duinan#0533,TRUE,FALSE,FALSE,FALSE,FALSE,FALSE,PAX,,189464967852982292
 Michael Tyson,LordAce48#6171,TRUE,FALSE,FALSE,FALSE,FALSE,FALSE,PAX,,647583302815055873
 Foo,Kung Foo#0899,TRUE,FALSE,FALSE,FALSE,FALSE,FALSE,PAX,,345674700472451074
 YotharAE.Ethak,Yothar#5803,TRUE,FALSE,FALSE,FALSE,FALSE,FALSE,PAX,,219299322318159872
 Preacher,Preacher#2667,TRUE,FALSE,FALSE,FALSE,FALSE,FALSE,PAX,,120294878763679746
 Bandwurm,Bandwurm#4814,TRUE,FALSE,FALSE,FALSE,FALSE,FALSE,PAX,,256945226374053888
 FalseRU,False#6541,TRUE,FALSE,FALSE,FALSE,FALSE,FALSE,PAX,,300709994632970242
 DrPain,SCE_Christian#5489,TRUE,FALSE,FALSE,FALSE,FALSE,FALSE,PAX,,275050245560205315
 Azrael's Tear,Azraels#3412,TRUE,FALSE,FALSE,FALSE,FALSE,FALSE,PAX,,205187471175057408
 Gh0stRager,GhostRager#7621,TRUE,FALSE,FALSE,FALSE,FALSE,FALSE,PAX,,143019048169373696
 Skinet,Skinet#8301,TRUE,FALSE,FALSE,FALSE,FALSE,FALSE,PAX,,188836142492286977
 Karma,Karma#8606,TRUE,FALSE,FALSE,FALSE,FALSE,FALSE,PAX,,210135319327014913
 Panthu,Panthu#2298,TRUE,FALSE,FALSE,FALSE,FALSE,FALSE,PAX,,189095818836443136
 Winterless,Winterless#9524,TRUE,FALSE,FALSE,FALSE,FALSE,FALSE,PAX,,210581935536209921
 Kole,Ructar#5551,TRUE,FALSE,FALSE,FALSE,FALSE,FALSE,PAX,,178221141817556992
 Backpack,Backpack#3517,TRUE,FALSE,FALSE,FALSE,FALSE,FALSE,PAX,,133681762604810240
 bugmom,bugmom#3302,TRUE,FALSE,FALSE,FALSE,FALSE,FALSE,PAX,,358804151528062977
 Sirka,sirkaibwen#7032,TRUE,FALSE,FALSE,FALSE,FALSE,FALSE,PAX,,347933289958604803
 LordSobert,LordSobert#8060,TRUE,FALSE,FALSE,FALSE,FALSE,FALSE,PAX,,306117193559572481
 SharkSkin13,SharkSkin13#6698,TRUE,FALSE,FALSE,FALSE,FALSE,FALSE,PAX,,146382455681712128
 The Dude,The Dude#0359,TRUE,FALSE,FALSE,FALSE,FALSE,FALSE,PAX,,531336396863045648
 Sheckle,Ticco#2655,TRUE,FALSE,FALSE,FALSE,FALSE,FALSE,PAX,,266295507800817665
 Superbone,Superbone1#5767,TRUE,FALSE,FALSE,FALSE,FALSE,FALSE,PAX,,139881265745625088
 Hadoken,Hadoken#2523,TRUE,FALSE,FALSE,FALSE,FALSE,FALSE,PAX,,420761922468839425
 Burskin,DEFEARR LLTS#5683,TRUE,FALSE,FALSE,FALSE,FALSE,FALSE,PAX,,230477521844568064
 ciccilio,ciccilio#3979,TRUE,FALSE,FALSE,FALSE,FALSE,FALSE,PAX,,295286574437105665
 Pysix,Data#6465,TRUE,FALSE,FALSE,FALSE,FALSE,FALSE,PAX,,345017165046480897
 Shindrek,Shindrek#3556,TRUE,FALSE,FALSE,FALSE,FALSE,FALSE,PAX,,262501008645685248
 LazloeLonghair,LazloeLonghair#0641,TRUE,FALSE,FALSE,FALSE,FALSE,FALSE,PAX,,81719804133650432
 Lutheraan,Lutheraan#9669,TRUE,FALSE,FALSE,FALSE,FALSE,FALSE,PAX,,277809097733046282
 Prayr,÷Ñ Ä«ü è Ä#4440,TRUE,FALSE,FALSE,FALSE,FALSE,FALSE,PAX,,140368777614196736
 Bitcoin,SOJ#7283,TRUE,FALSE,FALSE,FALSE,FALSE,FALSE,PAX,,751528991675908146
 Lamora,mock#8106,TRUE,FALSE,FALSE,FALSE,FALSE,FALSE,PAX,,149945713793433600
 Wicked and Naked,Mir#3420,TRUE,FALSE,FALSE,FALSE,FALSE,FALSE,PAX,,464672992119488532
[Chaos] Legioner,Legioner#5598,TRUE,FALSE,FALSE,FALSE,FALSE,FALSE,PAX,,201570819820879873
 Marcos,Marcos#3833,TRUE,FALSE,FALSE,FALSE,FALSE,FALSE,PAX,,460956171101274112
 DustyLobster,alig80r#8415,TRUE,FALSE,FALSE,FALSE,FALSE,FALSE,PAX,,222164117178417152
 zyrie,nuke#5497,TRUE,FALSE,FALSE,FALSE,FALSE,FALSE,PAX,,138060608355565568
 Unculturedboy,unculturedboy#4130,TRUE,FALSE,FALSE,FALSE,FALSE,FALSE,PAX,,387038592566034449
 crizroblez,crizroblez#4958,TRUE,FALSE,FALSE,FALSE,FALSE,FALSE,PAX,,272441429966716929
 Ouinpis,Ouinpis#9501,TRUE,FALSE,FALSE,FALSE,FALSE,FALSE,PAX,,153990191319744513
 ChaoticMind,ChaoticMind#8239,TRUE,FALSE,FALSE,FALSE,FALSE,FALSE,PAX,,134442794369548288
 Moonlesnyte,Moonlessnyte#3748,TRUE,FALSE,FALSE,FALSE,FALSE,FALSE,PAX,,535671695818883079
 SoupSandwich,SoupSandwich#3533,TRUE,FALSE,FALSE,FALSE,FALSE,FALSE,PAX,,303029036899106817
 Talpa Iute, Talpa Iute#6009,TRUE,FALSE,FALSE,FALSE,FALSE,FALSE,PAX,,562037024127713301
 RememberDolores,RememberDolores#2565,TRUE,FALSE,FALSE,FALSE,FALSE,FALSE,PAX,,235443731346489344
 Methos,Methos#1551,TRUE,FALSE,FALSE,FALSE,FALSE,FALSE,PAX,,323694130318540818
 Yurim,Yurim#3929,TRUE,FALSE,FALSE,FALSE,FALSE,FALSE,PAX,,187381680770646017
 Hulka,Hulka#2992,TRUE,FALSE,FALSE,FALSE,FALSE,FALSE,PAX,,293444340909604864
 Bobik,Bobik#0001,TRUE,FALSE,FALSE,FALSE,FALSE,FALSE,PAX,,159645956852154368
 Axlor,axlor#2810,TRUE,FALSE,FALSE,FALSE,FALSE,FALSE,PAX,,126146875404451840
 Jason Todd,Jason Todd#5686,TRUE,FALSE,FALSE,FALSE,FALSE,FALSE,PAX,,557328684986400768
 Brother Cacti,Brother_cacti#9361,TRUE,FALSE,FALSE,FALSE,FALSE,FALSE,PAX,,448186731276009483
 Stuck,Brad B.#1109,TRUE,FALSE,FALSE,FALSE,FALSE,FALSE,PAX,,444929669444272139
 Fropie,Fropie#6501,TRUE,FALSE,FALSE,FALSE,FALSE,FALSE,PAX,,142287338410606592
 Berethain,Berethain#0964,TRUE,FALSE,FALSE,FALSE,FALSE,FALSE,PAX,,205456575358304267
 Hypnotise,Doll#0353,TRUE,FALSE,FALSE,FALSE,FALSE,FALSE,PAX,,134524664675434497
 Hugo,Hugo#0999,TRUE,FALSE,FALSE,FALSE,FALSE,FALSE,PAX,,182336702222696448
 Skullkid,skullkid#7724,TRUE,FALSE,FALSE,FALSE,FALSE,FALSE,PAX,,248882780505636864
 Balrod,Balrod#0619,TRUE,FALSE,FALSE,FALSE,FALSE,FALSE,PAX,,424249011080265739
 PotatoEscobar,PotatoEscobar#7803,TRUE,FALSE,FALSE,FALSE,FALSE,FALSE,PAX,,187118034064900105
 General Snuggles,General Snuggles#6368,TRUE,FALSE,FALSE,FALSE,FALSE,FALSE,PAX,,226173556734689281
 Vesnan,willf#8096,TRUE,FALSE,FALSE,FALSE,FALSE,FALSE,PAX,,149423146171105280
 grimlok49,grimlock49#0403,TRUE,FALSE,FALSE,FALSE,FALSE,FALSE,PAX,,210232479913738241
 xAFF3CTx,xAFF3CTx#6459,TRUE,FALSE,FALSE,FALSE,FALSE,FALSE,PAX,,645702040672141313
 Solas/Bj√∏rnd√°lkr,S√≥ti Bj√∏rnd√°lkr#0593,TRUE,FALSE,FALSE,FALSE,FALSE,FALSE,PAX,,409767896605130763
 Warhound,Warhound#8958,TRUE,FALSE,FALSE,FALSE,FALSE,FALSE,PAX,,431462955788271616
 Newt,knutie#4057,TRUE,FALSE,FALSE,FALSE,FALSE,FALSE,PAX,,131209859436642304
 Azibk,Azibo#2341,TRUE,FALSE,FALSE,FALSE,FALSE,FALSE,PAX,,99643013545889792
 Malgolath,Malgolath#0468,TRUE,FALSE,FALSE,FALSE,FALSE,FALSE,PAX,,102894639610105856
 Patriclus,Push#0890,TRUE,FALSE,FALSE,FALSE,FALSE,FALSE,PAX,,83480359584399360
 MysticDreamer,MysticDreamer#5853,TRUE,FALSE,FALSE,FALSE,FALSE,FALSE,PAX,,284871329944043521
 Illusions,Illusions#5290,TRUE,FALSE,FALSE,FALSE,FALSE,FALSE,PAX,,106566637242576896
 Monk,Monk#6459,TRUE,FALSE,FALSE,FALSE,FALSE,FALSE,PAX,,204285015805132800
 Grembor,Grembor#5965,TRUE,FALSE,FALSE,FALSE,FALSE,FALSE,PAX,,506129330909216798
 Lastrare,Lastrare#7324,TRUE,FALSE,FALSE,FALSE,FALSE,FALSE,PAX,,101895816515457024
 Tag,Tag#9229,TRUE,FALSE,FALSE,FALSE,FALSE,FALSE,PAX,,275762268568944641
 DorianHawkwind,DorianHawkwind#9310,TRUE,FALSE,FALSE,FALSE,FALSE,FALSE,PAX,,393892644104699904
 IamWildDew,IamWildDew#9166,TRUE,FALSE,FALSE,FALSE,FALSE,FALSE,PAX,,245344420830904320
 Mikasa,Kronus91#1844,TRUE,FALSE,FALSE,FALSE,FALSE,FALSE,PAX,,364247156879785994
 Redpac,Redpac#4673,TRUE,FALSE,FALSE,FALSE,FALSE,FALSE,PAX,,240997451929092096
 Frostfire,Frostfire#9109,TRUE,FALSE,FALSE,FALSE,FALSE,FALSE,PAX,,315886223988097025
 Matticon,Matticon#6026,TRUE,FALSE,FALSE,FALSE,FALSE,FALSE,PAX,,677723216646635540
" Richter ""Beat the Alpha""",Richter#0046,TRUE,FALSE,FALSE,FALSE,FALSE,FALSE,PAX,,445805324302286858
 p0tat0killz,p0tat0killz#9198,TRUE,FALSE,FALSE,FALSE,FALSE,FALSE,PAX,,270063428700209163
 LPFlea,PULSE NEBULA#4883,TRUE,FALSE,FALSE,FALSE,FALSE,FALSE,PAX,,185952740311040002
 condemnedalpaca,condemnedalpaca#3138,TRUE,FALSE,FALSE,FALSE,FALSE,FALSE,PAX,,244653718136553482
 aquaponicCowboy,aquaponicCowboy#1158,TRUE,FALSE,FALSE,FALSE,FALSE,FALSE,PAX,,338505506945499138
 Bustados,Bustados#2749,TRUE,FALSE,FALSE,FALSE,FALSE,FALSE,PAX,,159863993391906816
 h3th3an,h3th3an#1965,TRUE,FALSE,FALSE,FALSE,FALSE,FALSE,PAX,,106348810271281152
 Serf,Serf#7294,TRUE,FALSE,FALSE,FALSE,FALSE,FALSE,PAX,,224979613799940096
 Swift,Swifft#3396,TRUE,FALSE,FALSE,FALSE,FALSE,FALSE,PAX,,191609131818418176
 Biggz8500,Biggz8500#0051,TRUE,FALSE,FALSE,FALSE,FALSE,FALSE,PAX,,147534801690165248
 Ashjacky,Ashjacky#1800,TRUE,FALSE,FALSE,FALSE,FALSE,FALSE,PAX,,171456187303329795
 Remix,REMiX#5816,TRUE,FALSE,FALSE,FALSE,FALSE,FALSE,PAX,,463525157877841922
 lechuga,lechuga#1193,TRUE,FALSE,FALSE,FALSE,FALSE,FALSE,PAX,,392901924980129792
 Osprey5k,osprey5k#8359,TRUE,FALSE,FALSE,FALSE,FALSE,FALSE,PAX,,196181320093794304
 Droogieboy,Dr00gieboy#0717,TRUE,FALSE,FALSE,FALSE,FALSE,FALSE,PAX,,158733781405007872
 FormlessFox,FormlessFox#1369,TRUE,FALSE,FALSE,FALSE,FALSE,FALSE,PAX,,284448543849185280
 BiBi,BiBi#8812,TRUE,FALSE,FALSE,FALSE,FALSE,FALSE,PAX,,184226732780421120
 Huldru,Huldru#0237,TRUE,FALSE,FALSE,FALSE,FALSE,FALSE,PAX,,120546887571996674
 Kerodon,Kerodon#5829,TRUE,FALSE,FALSE,FALSE,FALSE,FALSE,PAX,,112595294096535552
 Pinky,PINKY#8151,TRUE,FALSE,FALSE,FALSE,FALSE,FALSE,PAX,,227968657865572352
 Jarob,Jarob#3987,TRUE,FALSE,FALSE,FALSE,FALSE,FALSE,PAX,,166692749297319936
 liekos,liekos9#6105,TRUE,FALSE,FALSE,FALSE,FALSE,FALSE,PAX,,334127787642454018
 Buck,Buck#6016,TRUE,FALSE,FALSE,FALSE,FALSE,FALSE,PAX,,368191326812110848
 kaviji,kaviji#6125,TRUE,FALSE,FALSE,FALSE,FALSE,FALSE,PAX,,180068696818057218
 Emy,Emyy#4624,TRUE,FALSE,FALSE,FALSE,FALSE,FALSE,PAX,,229277321071165440
 elfer,Elfer#7250,TRUE,FALSE,FALSE,FALSE,FALSE,FALSE,PAX,,296421216045236238
 BoBBy,Bobby#5858,TRUE,FALSE,FALSE,FALSE,FALSE,FALSE,PAX,,415167559785250817
 Mazren,Mazren#5252,TRUE,FALSE,FALSE,FALSE,FALSE,FALSE,PAX,,238112463084716033
 russiasuperstar,russiasuperstar#1470,TRUE,FALSE,FALSE,FALSE,FALSE,FALSE,PAX,,375781496700796928
 Kitja,Kitja#4692,TRUE,FALSE,FALSE,FALSE,FALSE,FALSE,PAX,,203638709151727617
 Josiah Iyon,IyüåÄn#7829,TRUE,FALSE,FALSE,FALSE,FALSE,FALSE,PAX,,1.21989E+17
 Carrigan,Winterhaze#3985,TRUE,FALSE,FALSE,FALSE,FALSE,FALSE,PAX,,245234346267508736
 Omni,(Omni)Omnikevfka#0566,TRUE,FALSE,FALSE,FALSE,FALSE,FALSE,PAX,,143617598523834368
 Grumble,Grumble#5648,TRUE,FALSE,FALSE,FALSE,FALSE,FALSE,PAX,,699334805703229560
 Rangerftw1,Rangerftw1 / Misaio#9113,TRUE,FALSE,FALSE,FALSE,FALSE,FALSE,PAX,,106586697663315968
 frenzy,frenzy#4166,TRUE,FALSE,FALSE,FALSE,FALSE,FALSE,PAX,,120942229530345472
 Avareco,Avareco#2306,TRUE,FALSE,FALSE,FALSE,FALSE,FALSE,PAX,,122047194776731648
 Rivien,Rivien#3058,TRUE,FALSE,FALSE,FALSE,FALSE,FALSE,PAX,,118093577216589833
 Zume,Cam#1212,TRUE,FALSE,FALSE,FALSE,FALSE,FALSE,PAX,,106540991493722112
 Sholva/FlingLockGlock,Sholva#0859,TRUE,FALSE,FALSE,FALSE,FALSE,FALSE,PAX,,336643482942963724
 LordRedwood,Redwoodx69#7131,TRUE,FALSE,FALSE,FALSE,FALSE,FALSE,PAX,,640059735764238337
 Quasiduplicate,Quasiduplicate#1556,TRUE,FALSE,FALSE,FALSE,FALSE,FALSE,PAX,,175504180956364800
 Pepe,Pepe#5033,TRUE,FALSE,FALSE,FALSE,FALSE,FALSE,PAX,,179307108024451073
 Eldrath,üÖ¥üÖªüÖ≥üÜÅüÖ∞üÜÉüÖ∑#6067,TRUE,FALSE,FALSE,FALSE,FALSE,FALSE,PAX,,241620753861181440
 Lemerte,lemerte#8029,TRUE,FALSE,FALSE,FALSE,FALSE,FALSE,PAX,,212696661909045250
 ClearScreen,ClearScreen#8745,TRUE,FALSE,FALSE,FALSE,FALSE,FALSE,PAX,,194442289425154049
 MOAK,MOAK#9529,TRUE,FALSE,FALSE,FALSE,FALSE,FALSE,PAX,,534537348495572993
 Cattboy,cattboy#4190,TRUE,FALSE,FALSE,FALSE,FALSE,FALSE,PAX,,127630399617761280
 Psycho,Psycho#6271,TRUE,FALSE,FALSE,FALSE,FALSE,FALSE,PAX,,195003757791150080
 Malthusian,Malthusian#1111,TRUE,FALSE,FALSE,FALSE,FALSE,FALSE,PAX,,526883851218452480
 Purple,grembor#7857,TRUE,FALSE,FALSE,FALSE,FALSE,FALSE,PAX,,171012339569655808
 Taladays,Taladon#1627,TRUE,FALSE,FALSE,FALSE,FALSE,FALSE,PAX,,91192537380847616
 Dat,Dat#2310,TRUE,FALSE,FALSE,FALSE,FALSE,FALSE,PAX,,152932683079614464
 Randiesel,Randiesel#2987,TRUE,FALSE,FALSE,FALSE,FALSE,FALSE,PAX,,206871299094478849
 Deacon,Deacon#8592,TRUE,FALSE,FALSE,FALSE,FALSE,FALSE,PAX,,236108615969275904
 Niik,Nik#8394,TRUE,FALSE,FALSE,FALSE,FALSE,FALSE,PAX,,289794021038096385
 Jebediah,Jebediah#0907,TRUE,FALSE,FALSE,FALSE,FALSE,FALSE,PAX,,342891857984094209
 Thyme,Heath3n#4876,TRUE,FALSE,FALSE,FALSE,FALSE,FALSE,PAX,,229398298480476161
 LUNA,LUNA#0079,TRUE,FALSE,FALSE,FALSE,FALSE,FALSE,PAX,,235876258716581891
 Persownage,Persownage#0155,TRUE,FALSE,FALSE,FALSE,FALSE,FALSE,PAX,,165005486784118784
 D1rty,Dirty530#5474,TRUE,FALSE,FALSE,FALSE,FALSE,FALSE,PAX,,435591406254424076
 PureGold,LatourOfc#5643,TRUE,FALSE,FALSE,FALSE,FALSE,FALSE,PAX,,236587461730369537
Charon,Dainty Flower#9792,TRUE,FALSE,FALSE,FALSE,FALSE,FALSE,PAX,,493206486609035274
 PreEnabled,Pre The DJ#1652,TRUE,FALSE,FALSE,FALSE,FALSE,FALSE,PAX,,134765146135330816
 Serenthyl,Serenthyl#1127,TRUE,FALSE,FALSE,FALSE,FALSE,FALSE,PAX,,197519365095030784
 Jnxius,Jnxius#6401,TRUE,FALSE,FALSE,FALSE,FALSE,FALSE,PAX,,202900776270561280
 ViccyQ,ViccyQ#8503,TRUE,FALSE,FALSE,FALSE,FALSE,FALSE,PAX,,185260626602491904
 Wilt,Wilt#9306,TRUE,FALSE,FALSE,FALSE,FALSE,FALSE,PAX,,174649649733435392
 Maester.White,Maester.White#2173,TRUE,FALSE,FALSE,FALSE,FALSE,FALSE,PAX,,126443750221283328
 Reaverofgods,Reaverofgods#9099,TRUE,FALSE,FALSE,FALSE,FALSE,FALSE,PAX,,227993288282603521
 Comedic,Comedic#8234,TRUE,FALSE,FALSE,FALSE,FALSE,FALSE,PAX,,247158877219454978
 Wolfy,Wolfy üê¶#1068,TRUE,FALSE,FALSE,FALSE,FALSE,FALSE,PAX,,153163601534779392
 Drazit,Jagman101#4434,TRUE,FALSE,FALSE,FALSE,FALSE,FALSE,PAX,,282409448050393089
 Nocturn,Nocturn#4327,TRUE,FALSE,FALSE,FALSE,FALSE,FALSE,PAX,,154300380543451137
 Bahemut,bahemut#1593,TRUE,FALSE,FALSE,FALSE,FALSE,FALSE,PAX,,122880483687137282
 Tulio,tulio#9867,TRUE,FALSE,FALSE,FALSE,FALSE,FALSE,PAX,,245229478173868032
 IDabmygmaout,iDabmygmaout420#8599,TRUE,FALSE,FALSE,FALSE,FALSE,FALSE,PAX,,422956735272321024
 Logoes,Logoes#9290,TRUE,FALSE,FALSE,FALSE,FALSE,FALSE,PAX,,380207511040425986
 Rob123,Rob123#6157,TRUE,FALSE,FALSE,FALSE,FALSE,FALSE,PAX,,261497997840482305
 Aylwyn,Aylwyn#8003,TRUE,FALSE,FALSE,FALSE,FALSE,FALSE,PAX,,745404349592633354
 Venusia,Venusada#6377,TRUE,FALSE,FALSE,FALSE,FALSE,FALSE,PAX,,198535034267893760
 Solidus,sol1dus2#8193,TRUE,FALSE,FALSE,FALSE,FALSE,FALSE,PAX,,119310733526695940
 Misuto Wolfe,MisutoWolf#8066,TRUE,FALSE,FALSE,FALSE,FALSE,FALSE,PAX,,150389892059234304
 IronBear,IronBear69#4078,TRUE,FALSE,FALSE,FALSE,FALSE,FALSE,PAX,,206330855826653184
 SharpEye,SharpEye#7068,TRUE,FALSE,FALSE,FALSE,FALSE,FALSE,PAX,,124659971236298752
 Jiraffe,Jiraffe#7507,TRUE,FALSE,FALSE,FALSE,FALSE,FALSE,PAX,,491802188834930697
 photic,photic#8476,TRUE,FALSE,FALSE,FALSE,FALSE,FALSE,PAX,,302310287862923274
 Perry,Perry#6831,TRUE,FALSE,FALSE,FALSE,FALSE,FALSE,PAX,,290088768445218816
 Cheek Clapper,dadvnt#2304,TRUE,FALSE,FALSE,FALSE,FALSE,FALSE,PAX,,74966930049474560
 erikGplayer,erikGplayer#4650,TRUE,FALSE,FALSE,FALSE,FALSE,FALSE,PAX,,663944023404445696
 wizzy,wizzy#0007,TRUE,FALSE,FALSE,FALSE,FALSE,FALSE,PAX,,188885835892916224
 PestControl,PestControl#9319,TRUE,FALSE,FALSE,FALSE,FALSE,FALSE,PAX,,181772707602497536
 Vex Wretch,Vex Wretch#1770,TRUE,FALSE,FALSE,FALSE,FALSE,FALSE,PAX,,445716899876175872
 Blackhawk,Blackhawk#9276,TRUE,FALSE,FALSE,FALSE,FALSE,FALSE,PAX,,217491811499769856
 Knowbility,Knowbility#7084,TRUE,FALSE,FALSE,FALSE,FALSE,FALSE,PAX,,248498802259001345
 Arton Lugor,Undefin3d#9603,TRUE,FALSE,FALSE,FALSE,FALSE,FALSE,PAX,,171777481987063809
 Deadendsaint,DNSaint#3467,TRUE,FALSE,FALSE,FALSE,FALSE,FALSE,PAX,,372488940365807616
 Kilo,Kilo#7952,TRUE,FALSE,FALSE,FALSE,FALSE,FALSE,PAX,,333027072731643905
 FinalHeaven,FinalHeaven#6135,TRUE,FALSE,FALSE,FALSE,FALSE,FALSE,PAX,,200317543158775808
 Moose,Moose#3019,TRUE,FALSE,FALSE,FALSE,FALSE,FALSE,PAX,,110136690852499456
 JustCallMeNine,Nine#4875,TRUE,FALSE,FALSE,FALSE,FALSE,FALSE,PAX,,335517936775069699
 cheerio,cheerio#8229,TRUE,FALSE,FALSE,FALSE,FALSE,FALSE,PAX,,208839812189388800
 Musa,Musa#2232,TRUE,FALSE,FALSE,FALSE,FALSE,FALSE,PAX,,178945880055873536
 AnnaRoseüå∫,AnnaRose#4792,TRUE,FALSE,FALSE,FALSE,FALSE,FALSE,PAX,,197386062933262338
 SUPERTYPE,SUPERTYPE#2139,TRUE,FALSE,FALSE,FALSE,FALSE,FALSE,PAX,,250064370195890177
 Fallingswitch,FallingSwitch#7103,TRUE,FALSE,FALSE,FALSE,FALSE,FALSE,PAX,,151469487575662592
 LunarWulfe,LunarWulfe#2989,TRUE,FALSE,FALSE,FALSE,FALSE,FALSE,PAX,,346828024244600842
 RoastedIrely,Roasty#0003,TRUE,FALSE,FALSE,FALSE,FALSE,FALSE,PAX,,111175680674246656
 ReignFyre,ReignFyre#9253,TRUE,FALSE,FALSE,FALSE,FALSE,FALSE,PAX,,189509883668725760
 Tyghr,Tyghr#2552,TRUE,FALSE,FALSE,FALSE,FALSE,FALSE,PAX,,191646480870670338
 Ottis Lih Black,Ottis Lih Black#0606,TRUE,FALSE,FALSE,FALSE,FALSE,FALSE,PAX,,708536940357484595
 Karma,InsidiousKarma#3831,TRUE,FALSE,FALSE,FALSE,FALSE,FALSE,PAX,,470576047998500865
 Galoo,ReflexionOff#0453,TRUE,FALSE,FALSE,FALSE,FALSE,FALSE,PAX,,401908583849000964
 Glockiez,Glockiez#6856,TRUE,FALSE,FALSE,FALSE,FALSE,FALSE,PAX,,251258300203532289
 Adonis,exsanguine#0107,TRUE,FALSE,FALSE,FALSE,FALSE,FALSE,PAX,,464839688818130945
 Nikademus,Kynes#1043,TRUE,FALSE,FALSE,FALSE,FALSE,FALSE,PAX,,113282224425578496
 FearxRaider,FeaRxRaiDeR#7268,TRUE,FALSE,FALSE,FALSE,FALSE,FALSE,PAX,,137344020551565313
 Henrito [Bookkeep],B00KKEEP#6570,TRUE,FALSE,FALSE,FALSE,FALSE,FALSE,PAX,,570437839607693314
 Edpon,Edpon#1543,TRUE,FALSE,FALSE,FALSE,FALSE,FALSE,PAX,,80189470955016192
 Ezbjorn,fernman#9886,TRUE,FALSE,FALSE,FALSE,FALSE,FALSE,PAX,,348830381262503938
 Lord Swoop,nev_swoop#6116,TRUE,FALSE,FALSE,FALSE,FALSE,FALSE,PAX,,340659124486537237
 Saniphor,Sani (saniphor)#6341,TRUE,FALSE,FALSE,FALSE,FALSE,FALSE,PAX,,223421652589871104
 Do Dahhh,Do Dahhh Welly#5287,TRUE,FALSE,FALSE,FALSE,FALSE,FALSE,PAX,,712304037726257204
 Reme,Rem28#0944,TRUE,FALSE,FALSE,FALSE,FALSE,FALSE,PAX,,658563962714980352
 ubrett,ubrett#4177,TRUE,FALSE,FALSE,FALSE,FALSE,FALSE,PAX,,177894682255163392
 Zern,Z E R N#0101,TRUE,FALSE,FALSE,FALSE,FALSE,FALSE,PAX,,79257676269236224
 Das Geist,xRunawayGuN#2907,TRUE,FALSE,FALSE,FALSE,FALSE,FALSE,PAX,,590989636311187467
 Imposter,Imposter#0730,TRUE,FALSE,FALSE,FALSE,FALSE,FALSE,PAX,,208662616132812800
 Hev Hamr,Mahtso#5738,TRUE,FALSE,FALSE,FALSE,FALSE,FALSE,PAX,,473513093104926731
 Kai III,_KAI_#3426,TRUE,FALSE,FALSE,FALSE,FALSE,FALSE,PAX,,708531153937760266
 TZHAR,Focus#2983,TRUE,FALSE,FALSE,FALSE,FALSE,FALSE,PAX,,142712896269320193
 Kremefresh,KremeFresh#9291,TRUE,FALSE,FALSE,FALSE,FALSE,FALSE,PAX,,421858077130752011
 Krysis,Krysis#0001,TRUE,FALSE,FALSE,FALSE,FALSE,FALSE,PAX,,315151040993296394
 Phrost,PHR0STB1T3#1518,TRUE,FALSE,FALSE,FALSE,FALSE,FALSE,PAX,,248673948844294146
 hifonix,hifonix#4341,TRUE,FALSE,FALSE,FALSE,FALSE,FALSE,PAX,,354050657503674389
 SillyWabbit,SillyWabbit#6692,TRUE,FALSE,FALSE,FALSE,FALSE,FALSE,PAX,,294168441009602562
 Wnyte,WNyte#7371,TRUE,FALSE,FALSE,FALSE,FALSE,FALSE,PAX,,191250631527235585
 Biggz,Biggzz#1473,TRUE,FALSE,FALSE,FALSE,FALSE,FALSE,PAX,,118064468235124742
 DirtyTexanRice,DirtyTexanRice#5556,TRUE,FALSE,FALSE,FALSE,FALSE,FALSE,PAX,,358057989896273921
 MeepMurp,MeepMurp#5880,TRUE,FALSE,FALSE,FALSE,FALSE,FALSE,PAX,,137721589826322433
 Guccipher,Guccipher#7462,TRUE,FALSE,FALSE,FALSE,FALSE,FALSE,PAX,,123210759491551234
 RogueDad,RogueDad#9426,TRUE,FALSE,FALSE,FALSE,FALSE,FALSE,PAX,,247562239056281600
 Symbalist,Symbaler#0004,TRUE,FALSE,FALSE,FALSE,FALSE,FALSE,PAX,,207718042686193664
 Sosanota,Sosanota#0001,TRUE,FALSE,FALSE,FALSE,FALSE,FALSE,PAX,,234477419413635072
 Ayira Layne,L3thalAng3l#2602,TRUE,FALSE,FALSE,FALSE,FALSE,FALSE,PAX,,264219267329687555
 Auralla,[SMEX] Dave#3670,TRUE,FALSE,FALSE,FALSE,FALSE,FALSE,PAX,,222409350931677185
 Albinoelf,Albinoelf#0498,TRUE,FALSE,FALSE,FALSE,FALSE,FALSE,PAX,,152624449613594625
 Shicken,Swa#8556,TRUE,FALSE,FALSE,FALSE,FALSE,FALSE,PAX,,161667014807519232
 Tetsu,Tetsu#9925,TRUE,FALSE,FALSE,FALSE,FALSE,FALSE,PAX,,216058510050328578
 Pachnoc,Pachnoc#9841,TRUE,FALSE,FALSE,FALSE,FALSE,FALSE,PAX,,128925365069545472
 Stamosis,Stamosis#7473,TRUE,FALSE,FALSE,FALSE,FALSE,FALSE,PAX,,425831383387340821
 Khorde,Akumaka#8650,TRUE,FALSE,FALSE,FALSE,FALSE,FALSE,PAX,,94052441791660032
 Drast,Drast#1575,TRUE,FALSE,FALSE,FALSE,FALSE,FALSE,PAX,,141740112701554688
 Rumdog,Ry0#6187,TRUE,FALSE,FALSE,FALSE,FALSE,FALSE,PAX,,511154731461115904
Apeqx,Apeqx#4238,TRUE,FALSE,FALSE,FALSE,FALSE,FALSE,PAX,,125860706477277185
 Viviana,NarKeLioN#6156,TRUE,FALSE,FALSE,FALSE,FALSE,FALSE,PAX,,151035012039442442
 Babbaganoush,Babbaganoush#5352,TRUE,FALSE,FALSE,FALSE,FALSE,FALSE,PAX,,526066431792513049
 Ragnarz,[BTG]HorizonsEdge(Ragnarz)#0817,TRUE,FALSE,FALSE,FALSE,FALSE,FALSE,PAX,,121749076734771202
 BacobTheGing,BacobTheGing#8177,TRUE,FALSE,FALSE,FALSE,FALSE,FALSE,PAX,,224372512912310272
 mauiiwowie,mauiiwowie#7420,TRUE,FALSE,FALSE,FALSE,FALSE,FALSE,PAX,,212983425970208768
 XenZei,XenZei#0767,TRUE,FALSE,FALSE,FALSE,FALSE,FALSE,PAX,,872913562086047844
ConeGuy,Connor#7780,TRUE,FALSE,FALSE,FALSE,FALSE,FALSE,PAX,,140985104800415744
 Chaos,Chaos#9165,FALSE,FALSE,FALSE,FALSE,FALSE,FALSE,PAX,,306784151661445131
 Patrik,Patrik#8081,TRUE,FALSE,FALSE,FALSE,FALSE,FALSE,PAX,,215597370241449984
 The Heathen,WoundedOutlaw#2736,TRUE,FALSE,FALSE,FALSE,FALSE,FALSE,PAX,,111660080914550784
 Clivus Multrum,Wes#5464,TRUE,FALSE,FALSE,FALSE,FALSE,FALSE,PAX,,375808257983381515
 Dperk,DPerk#2421,TRUE,FALSE,FALSE,FALSE,FALSE,FALSE,PAX,,138095802487799818
 MJOLNIR,MJOLNIR#7348,TRUE,FALSE,FALSE,FALSE,FALSE,FALSE,PAX,,124551776929185792
 King,kaboom#5877,TRUE,FALSE,FALSE,FALSE,FALSE,FALSE,PAX,,513850332422602814
 YamiTenshi/DarkAngel,DarkAngel/YamiTenshi#9151,TRUE,FALSE,FALSE,FALSE,FALSE,FALSE,PAX,,287286706447712256
 Saki,sakiayres#8493,TRUE,FALSE,FALSE,FALSE,FALSE,FALSE,PAX,,123220568232165377
 winterlast,winterlast#0524,TRUE,FALSE,FALSE,FALSE,FALSE,FALSE,PAX,,588530950565265418
 skrillabillz,skrillabillz#0852,TRUE,FALSE,FALSE,FALSE,FALSE,FALSE,PAX,,160595160638554112
 JackCB,JackCB#9787,TRUE,FALSE,FALSE,FALSE,FALSE,FALSE,PAX,,457353703306035200
 Mrs Bungle,Bill Hicks#1970,TRUE,FALSE,FALSE,FALSE,FALSE,FALSE,PAX,,728021681385242688
 Crewt,Crewt/Tiny#2658,TRUE,FALSE,FALSE,FALSE,FALSE,FALSE,PAX,,141351304478851072
 Geralt,Overwrought#2323,TRUE,FALSE,FALSE,FALSE,FALSE,FALSE,PAX,,240137983087345665
 Sensky,MrFahrenheitt#2155,TRUE,FALSE,FALSE,FALSE,FALSE,FALSE,PAX,,229381059836510209
 Pirion,Pirion#0749,TRUE,FALSE,FALSE,FALSE,FALSE,FALSE,PAX,,180808078634123264
 Swaggarnaut,Swaggarnaut#5992,TRUE,FALSE,FALSE,FALSE,FALSE,FALSE,PAX,,435874538362765315
 Atremi,Atremi#6986,TRUE,FALSE,FALSE,FALSE,FALSE,FALSE,PAX,,147254655804506112
 After,After#2312,TRUE,FALSE,FALSE,FALSE,FALSE,FALSE,PAX,,139649078622552064
 Popaz,Popaz#8624,TRUE,FALSE,FALSE,FALSE,FALSE,FALSE,PAX,,230839712489668618
 Instructor Gojo,Eninja8#2867,TRUE,FALSE,FALSE,FALSE,FALSE,FALSE,PAX,,150374136386945024
 Xibbion,Xibbion#5748,TRUE,FALSE,FALSE,FALSE,FALSE,FALSE,PAX,,267731653332303873
 gotahell,gotahell#3244,TRUE,FALSE,FALSE,FALSE,FALSE,FALSE,PAX,,213399233917747201
 Chris,Chris#0932,TRUE,FALSE,FALSE,FALSE,FALSE,FALSE,PAX,,267100221782097920
 SteelJoker,SteelJoker#1680,TRUE,FALSE,FALSE,FALSE,FALSE,FALSE,PAX,,775888746520117268
 Treefrog,Treefrog#9030,TRUE,FALSE,FALSE,FALSE,FALSE,FALSE,PAX,,142793615494742016
 Whoknew,whokn3w#2582,TRUE,FALSE,FALSE,FALSE,FALSE,FALSE,PAX,,118431722965696512
 Serese,Serese#2301,TRUE,FALSE,FALSE,FALSE,FALSE,FALSE,PAX,,172177541019336705
 Yennifer,Pippin O'Flynn#3360,TRUE,FALSE,FALSE,FALSE,FALSE,FALSE,PAX,,212911895445766144
 Choob,Choob#2493,TRUE,FALSE,FALSE,FALSE,FALSE,FALSE,PAX,,163468300674662400
 Thondar,Thondar#9165,TRUE,FALSE,FALSE,FALSE,FALSE,FALSE,PAX,,174021353454698496
 Dubbstomp,DubbStomp#6940,TRUE,FALSE,FALSE,FALSE,FALSE,FALSE,PAX,,123138696328380417
 Aguapispi,Pispita#2470,TRUE,FALSE,FALSE,FALSE,FALSE,FALSE,PAX,,228169784867422208
 Metal,Metal#5231,TRUE,FALSE,FALSE,FALSE,FALSE,FALSE,PAX,,264218924030099468
 Jizzle,Jizzle#1862,TRUE,FALSE,FALSE,FALSE,FALSE,FALSE,PAX,,202223449270124546
 CrimsonCulling,CrimsonCulling#2018,TRUE,FALSE,FALSE,FALSE,FALSE,FALSE,PAX,,219896668924018689
 Lazycat,Lazycat#3629,TRUE,FALSE,FALSE,FALSE,FALSE,FALSE,PAX,,291472917349531649
 lyeman-Nirtom,Iyeman-Nirtom#8396,TRUE,FALSE,FALSE,FALSE,FALSE,FALSE,PAX,,151673867956387841
 Grim1337,Grim1337#6104,TRUE,FALSE,FALSE,FALSE,FALSE,FALSE,PAX,,374968614488637460
 Scoob,ScoobTV#6958,TRUE,FALSE,FALSE,FALSE,FALSE,FALSE,PAX,,181276926566989824
 Raen Eruvanid,RaenofGod#7251,TRUE,FALSE,FALSE,FALSE,FALSE,FALSE,PAX,,97444950735605760
 wind,wind#5555,TRUE,FALSE,FALSE,FALSE,FALSE,FALSE,PAX,,186880475606810624
 Xdega,Xdega#2238,TRUE,FALSE,FALSE,FALSE,FALSE,FALSE,PAX,,136250770344509440
 Kilketay,Kilketay#5986,TRUE,FALSE,FALSE,FALSE,FALSE,FALSE,PAX,,95155510067601408
 Lelani,Lelani#1006,TRUE,FALSE,FALSE,FALSE,FALSE,FALSE,PAX,,536247414978248744
 Mookey,Mookey#2492,TRUE,FALSE,FALSE,FALSE,FALSE,FALSE,PAX,,173892001979170816
 Kamas,Kamas#0727,TRUE,FALSE,FALSE,FALSE,FALSE,FALSE,PAX,,138688435736018944
 Geode,Geode#1929,TRUE,FALSE,FALSE,FALSE,FALSE,FALSE,PAX,,217434535380516864
 Lifeless,Lifeless#8235,TRUE,FALSE,FALSE,FALSE,FALSE,FALSE,PAX,,285616764727853057
 Loaf,easy bake oven#5304,TRUE,FALSE,FALSE,FALSE,FALSE,FALSE,PAX,,339509139749208065
 ZMaNFaRLee,ZMaNFaRLee#3850,TRUE,FALSE,FALSE,FALSE,FALSE,FALSE,PAX,,145675073557102592
 GreeneStrugg,! Greene_StrugglesTTV#9504,TRUE,FALSE,FALSE,FALSE,FALSE,FALSE,PAX,,399753591335813120
 Jester,Jester#9791,TRUE,FALSE,FALSE,FALSE,FALSE,FALSE,PAX,,472262562407251989
 Malocor,Malocor#0631,TRUE,FALSE,FALSE,FALSE,FALSE,FALSE,PAX,,209092905837527041
 Powermoves,Soman#4039,TRUE,FALSE,FALSE,FALSE,FALSE,FALSE,PAX,,110564103155662848
 HonyGlat,HonyGlat#5772,TRUE,FALSE,FALSE,FALSE,FALSE,FALSE,PAX,,164651325722853376
 KarMa,KarMa#8780,TRUE,FALSE,FALSE,FALSE,FALSE,FALSE,PAX,,166599043076587520
 Jon,Jon#3594,TRUE,FALSE,FALSE,FALSE,FALSE,FALSE,PAX,,162698178838134784
 Virtual Mafia,VirtualMafia#7640,TRUE,FALSE,FALSE,FALSE,FALSE,FALSE,PAX,,462033693553459201
 Falar,Falaron#4867,TRUE,FALSE,FALSE,FALSE,FALSE,FALSE,PAX,,247419207694680066
 DEEMYZE,DEEMYZE#8954,TRUE,FALSE,FALSE,FALSE,FALSE,FALSE,PAX,,240190866608750593
 Tatanka,NoGuano#1589,TRUE,FALSE,FALSE,FALSE,FALSE,FALSE,PAX,,189204869100339200
 refining,refining#2456,TRUE,FALSE,FALSE,FALSE,FALSE,FALSE,PAX,,274701541716262913
 Wildy,Wildy#9290,TRUE,FALSE,FALSE,FALSE,FALSE,FALSE,PAX,,195636474492747776
 Vernzzy,vernzzy#9831,TRUE,FALSE,FALSE,FALSE,FALSE,FALSE,PAX,,150383750063194112
 Uzial,Uzial#1357,TRUE,FALSE,FALSE,FALSE,FALSE,FALSE,PAX,,87714411740946432
 Nalianth,Nalianth#6894,TRUE,FALSE,FALSE,FALSE,FALSE,FALSE,PAX,,275820214686449664
 Countersnip3r,Countersnip3r#9909,TRUE,FALSE,FALSE,FALSE,FALSE,FALSE,PAX,,139852346791428096
 Itspaperspoon,mike#8233,TRUE,FALSE,FALSE,FALSE,FALSE,FALSE,PAX,,207134587795668993
 Dub,Dub#0001,TRUE,FALSE,FALSE,FALSE,FALSE,FALSE,PAX,,296688972837683201
 Lecutis,Lecutis#0037,TRUE,FALSE,FALSE,FALSE,FALSE,FALSE,PAX,,131889792030998529
 Invisible,Invis#7475,TRUE,FALSE,FALSE,FALSE,FALSE,FALSE,PAX,,169359557611487232
 Zera,zera#0002,TRUE,FALSE,FALSE,FALSE,FALSE,FALSE,PAX,,122427181363232770
 Xoc,SeaOhEx (Cox)#3360,TRUE,FALSE,FALSE,FALSE,FALSE,FALSE,PAX,,281191309258260483
 Chiliwhili,Chiliwhili#2422,TRUE,FALSE,FALSE,FALSE,FALSE,FALSE,PAX,,223261261775765504
 Takeshima,Takeshima#8643,TRUE,FALSE,FALSE,FALSE,FALSE,FALSE,PAX,,112768621456916480
 Prexus Centauri,Frankie#0373,TRUE,FALSE,FALSE,FALSE,FALSE,FALSE,PAX,,490949165120094218
 Raistall,FV#1923,TRUE,FALSE,FALSE,FALSE,FALSE,FALSE,PAX,,101028275278594048
 ltxjoker,ltxjoker#9445,TRUE,FALSE,FALSE,FALSE,FALSE,FALSE,PAX,,512011937685700618
 Zencep,Zencep#0001,TRUE,FALSE,FALSE,FALSE,FALSE,FALSE,PAX,,468197798924386304
 Cellulite,Cellulite#9800,TRUE,FALSE,FALSE,FALSE,FALSE,FALSE,PAX,,215326269997318144
 Valko,Valko#3744,TRUE,FALSE,FALSE,FALSE,FALSE,FALSE,PAX,,444059230773968896
 Nitro,NitroKoS#5263,TRUE,FALSE,FALSE,FALSE,FALSE,FALSE,PAX,,124681902115258368
 Sym,Symmetric#6152,TRUE,FALSE,FALSE,FALSE,FALSE,FALSE,PAX,,270330295759142912
 Zetetic,Zetetic#8106,TRUE,FALSE,FALSE,FALSE,FALSE,FALSE,PAX,,9.55834E+16
 MyHaven,MyHaven#0001,TRUE,FALSE,FALSE,FALSE,FALSE,FALSE,PAX,,94957143551119360
 Nostradankus,Famished Paladin#4642,TRUE,FALSE,FALSE,FALSE,FALSE,FALSE,PAX,,331147158000500736
 beary,beary#9128,TRUE,FALSE,FALSE,FALSE,FALSE,FALSE,PAX,,277202018874032129
 Razihell,Razihell#8950,TRUE,FALSE,FALSE,FALSE,FALSE,FALSE,PAX,,326487866072891393
 Mez,Mez#4812,TRUE,FALSE,FALSE,FALSE,FALSE,FALSE,PAX,,210077029452742656
 Nightshine,Nightshine#9745,TRUE,FALSE,FALSE,FALSE,FALSE,FALSE,PAX,,181063690878058496
 Samurai Jack,Samurai Jack#1866,TRUE,FALSE,FALSE,FALSE,FALSE,FALSE,PAX,,543903898432307230
 coREEE,coREEE#3395,TRUE,FALSE,FALSE,FALSE,FALSE,FALSE,PAX,,319271447048617985
 Neji,Godlike#2989,TRUE,FALSE,FALSE,FALSE,FALSE,FALSE,PAX,,298113222118998019
 Trynly,Trynly#2929,TRUE,FALSE,FALSE,FALSE,FALSE,FALSE,PAX,,334886473516187649
 Kaiserqt,Kaiser#3433,TRUE,FALSE,FALSE,FALSE,FALSE,FALSE,PAX,,140967917561970688
 Hithos Meraki,Hithos Meraki#1794,TRUE,FALSE,FALSE,FALSE,FALSE,FALSE,PAX,,742217639450902618
 Seansei,seansei#2103,TRUE,FALSE,FALSE,FALSE,FALSE,FALSE,PAX,,181924309051244544
 Goggles,Goggles#2452,TRUE,FALSE,FALSE,FALSE,FALSE,FALSE,PAX,,127880063784845312
 Bigroclone,Bigroclone#3405,TRUE,FALSE,FALSE,FALSE,FALSE,FALSE,PAX,,404355832105533440
 Sobe,Sobe#8672,TRUE,FALSE,FALSE,FALSE,FALSE,FALSE,PAX,,125448930358984704
 Dokubara,Dukesma#7398,TRUE,FALSE,FALSE,FALSE,FALSE,FALSE,PAX,,160107213149569025
 Karnigan,Nohorns#2161,TRUE,FALSE,FALSE,FALSE,FALSE,FALSE,PAX,,216368116324761611
 Pajamas,WearsPajamas#3750,TRUE,FALSE,FALSE,FALSE,FALSE,FALSE,PAX,,714943926515269722
 Vaishant,Airaken#6474,TRUE,FALSE,FALSE,FALSE,FALSE,FALSE,PAX,,137056668407169024
 ChubRubz,Chubrubz#4964,TRUE,FALSE,FALSE,FALSE,FALSE,FALSE,PAX,,810985206190178365
 Mythikal/Ozz,Mythickal/Oz#6257,TRUE,FALSE,FALSE,FALSE,FALSE,FALSE,PAX,,2.65296E+17
 Dealer6/Frank,Dealer 6#3966,TRUE,FALSE,FALSE,FALSE,FALSE,FALSE,PAX,,286557804452511745
 Sohlys,Sohlys#1961,TRUE,FALSE,FALSE,FALSE,FALSE,FALSE,PAX,,142049607663353856
 Thren Felhorn,Tartheno Tobla'kai#1140,TRUE,FALSE,FALSE,FALSE,FALSE,FALSE,PAX,,322182443069210625
 Slaydinone,slaydin#9776,TRUE,FALSE,FALSE,FALSE,FALSE,FALSE,PAX,,289569427534643202
 turkish,turkish#2346,TRUE,FALSE,FALSE,FALSE,FALSE,FALSE,PAX,,326521405254664192
 Dureniox,Dureniox#7883,TRUE,FALSE,FALSE,FALSE,FALSE,FALSE,PAX,,395009826058665984
 Reminiscence,–ØeReminiscence#4321,TRUE,FALSE,FALSE,FALSE,FALSE,FALSE,PAX,,105535003793879040
 ZEUTH (Doctor Dankmeme),MASTERZEUTH#1691,TRUE,FALSE,FALSE,FALSE,FALSE,FALSE,PAX,,143224988961472512
 Topher Sanburne,Topher  Christian#6573,TRUE,FALSE,FALSE,FALSE,FALSE,FALSE,PAX,,265255614601625600
 Voozoo,voozoo#4782,TRUE,FALSE,FALSE,FALSE,FALSE,FALSE,PAX,,376862721804861441
 Aethis,AstralDeva#5644,TRUE,FALSE,FALSE,FALSE,FALSE,FALSE,PAX,,158784304040640513
 Poh,Poh#8437,TRUE,FALSE,FALSE,FALSE,FALSE,FALSE,PAX,,104782353708163072
 Hiperion,Hiperion ‚ôõ#3645,TRUE,FALSE,FALSE,FALSE,FALSE,FALSE,PAX,,203203644345155584
 karadee,Kara Dee#0001,TRUE,FALSE,FALSE,FALSE,FALSE,FALSE,PAX,,334383801155452930
 Syzygy,Syzygy#4929,TRUE,FALSE,FALSE,FALSE,FALSE,FALSE,PAX,,165288672810369024
 Rackham00,Rackham#8755,TRUE,FALSE,FALSE,FALSE,FALSE,FALSE,PAX,,249337829463687168
 Kanien,Kanien#5675,TRUE,FALSE,FALSE,FALSE,FALSE,FALSE,PAX,,527613633954447361
 Toughroclone,Toughroclone#1098,TRUE,FALSE,FALSE,FALSE,FALSE,FALSE,PAX,,342839616459505684
 Maluco,cavallari#6123,TRUE,FALSE,FALSE,FALSE,FALSE,FALSE,PAX,,566104472372117510
 ElucidEmber,ElucidEmber#5142,TRUE,FALSE,FALSE,FALSE,FALSE,FALSE,PAX,,100027713418461184
 Sidura,Sidura#0942,TRUE,FALSE,FALSE,FALSE,FALSE,FALSE,PAX,,234887022353973249
 Kirium,Kirium#2614,TRUE,FALSE,FALSE,FALSE,FALSE,FALSE,PAX,,170672679379140608
 Kev Brahh,Kev brahh#9400,TRUE,FALSE,FALSE,FALSE,FALSE,FALSE,PAX,,267914593869758464
 Slugg,SLUGG#1461,TRUE,FALSE,FALSE,FALSE,FALSE,FALSE,PAX,,209976900318134272
 WiillTheFish,WillTheFish#8691,TRUE,FALSE,FALSE,FALSE,FALSE,FALSE,PAX,,283336156588802048
 SickVe,SickVe#2156,TRUE,FALSE,FALSE,FALSE,FALSE,FALSE,PAX,,210506411531042817
 SayWoop,saywoop#5568,TRUE,FALSE,FALSE,FALSE,FALSE,FALSE,PAX,,402193292151881728
 BlodThrstyVkng,ùìëùìµùì∏ùì≠ùì£ùì±ùìªùìºùìΩùîÇùì•ùì¥ùì≤ùì∑ùì∞#2365,TRUE,FALSE,FALSE,FALSE,FALSE,FALSE,PAX,,479851166893604867
[PAX ] Tyshalle,Tyshalle#4084,TRUE,FALSE,FALSE,FALSE,FALSE,FALSE,PAX,,90666704429907968
 GoodMoodDude,GoodMoodDude#8359,TRUE,FALSE,FALSE,FALSE,FALSE,FALSE,PAX,,739585049615138888
 Ghalone,ghal relocate#7520,TRUE,FALSE,FALSE,FALSE,FALSE,FALSE,PAX,,129791852449759232
 SchwiftySide,SchwiftySide#1029,TRUE,FALSE,FALSE,FALSE,FALSE,FALSE,PAX,,198173738867490826
 Pepper,PepperJC#2465,TRUE,FALSE,FALSE,FALSE,FALSE,FALSE,PAX,,170861959766474752
 Bigiss,Bigiss#4945,TRUE,FALSE,FALSE,FALSE,FALSE,FALSE,PAX,,152624991953747968
 Reimroc,Reimroc#1080,TRUE,FALSE,FALSE,FALSE,FALSE,FALSE,PAX,,164499467284905984
 Fairuza,Fairuza#9832,TRUE,FALSE,FALSE,FALSE,FALSE,FALSE,PAX,,364231063456972800
[ PAX] Potlimitotter,Potlimitotter#9234,TRUE,FALSE,FALSE,FALSE,FALSE,FALSE,PAX,,364169268335476746
 Edible Ham,Deathham#7551,TRUE,FALSE,FALSE,FALSE,FALSE,FALSE,PAX,,121419434127523841
 Wreckage,Wreckage#9346,TRUE,FALSE,FALSE,FALSE,FALSE,FALSE,PAX,,354327828583546891
 Zlade/Zanon,McPherson#8210,TRUE,FALSE,FALSE,FALSE,FALSE,FALSE,PAX,,158715809772863488
 KingOfTheLeft LordDankness,ImNotHere#2824,TRUE,FALSE,FALSE,FALSE,FALSE,FALSE,PAX,,190553026757394432
 Sharok,lordsharok#3128,TRUE,FALSE,FALSE,FALSE,FALSE,FALSE,PAX,,93390393256710144
 Zagloba,pierogis#5103,TRUE,FALSE,FALSE,FALSE,FALSE,FALSE,PAX,,468185076752973835
 Kali,Garrett#3395,TRUE,FALSE,FALSE,FALSE,FALSE,FALSE,PAX,,165947993546031105
 SneakyShootr,SneakyShootr#8012,TRUE,FALSE,FALSE,FALSE,FALSE,FALSE,PAX,,179435454045618176
 1800GetSome,1-800-GET-SOME#1337,TRUE,FALSE,FALSE,FALSE,FALSE,FALSE,PAX,,381893054799544330
 Swiftar,Swiftar#9054,TRUE,FALSE,FALSE,FALSE,FALSE,FALSE,PAX,,117496050041749508
 Ragewind,Ragewind#5348,TRUE,FALSE,FALSE,FALSE,FALSE,FALSE,PAX,,282697195038179328
 Plurie,Plurie#6969,TRUE,FALSE,FALSE,FALSE,FALSE,FALSE,PAX,,174718553251905537
 Jasc/Avahri,Jasc#5221,TRUE,FALSE,FALSE,FALSE,FALSE,FALSE,PAX,,163319106357952513
 Hyper,Hyper#6730,TRUE,FALSE,FALSE,FALSE,FALSE,FALSE,PAX,,97131793534177280
 Raize,Raize[US]#1946,TRUE,FALSE,FALSE,FALSE,FALSE,FALSE,PAX,,198885872890806272
 twomad,Bew#0001,TRUE,FALSE,FALSE,FALSE,FALSE,FALSE,PAX,,238860730936459264
 Striker,Striker#3256,TRUE,FALSE,FALSE,FALSE,FALSE,FALSE,PAX,,102950869229658112
 Sowexy,Sowexy#8196,TRUE,FALSE,FALSE,FALSE,FALSE,FALSE,PAX,,157335084402343936
 MaximuzMeridius,[M*E*K] Maximus#3493,TRUE,FALSE,FALSE,FALSE,FALSE,FALSE,PAX,,252124734479663106
 Appropro(Michael),MicHaeL#5011,TRUE,FALSE,FALSE,FALSE,FALSE,FALSE,PAX,,137023336549974016
 Runout,Runout#0942,TRUE,FALSE,FALSE,FALSE,FALSE,FALSE,PAX,,524651497674244097
 Nuko Miko,Nuko Miko#4021,TRUE,FALSE,FALSE,FALSE,FALSE,FALSE,PAX,,124474995702235136
 Pointblank,Pointblank#8288,TRUE,FALSE,FALSE,FALSE,FALSE,FALSE,PAX,,150044104686960640
 Game,GameTheif#4128,TRUE,FALSE,FALSE,FALSE,FALSE,FALSE,PAX,,159226369207828480
 Rabbi,Nait#9688,TRUE,FALSE,FALSE,FALSE,FALSE,FALSE,PAX,,164904814906441728
 Eggalt,Jackal#0420,TRUE,FALSE,FALSE,FALSE,FALSE,FALSE,PAX,,168201121116979201
 Stefy,Steffy#2793,TRUE,FALSE,FALSE,FALSE,FALSE,FALSE,PAX,,170027746813018114
PhabaTest,PhabaTest#1248,TRUE,FALSE,FALSE,FALSE,FALSE,FALSE,PAX,,731697025145372712
 Firetrucksonfire,Firetrucksonfire#7671,TRUE,FALSE,FALSE,FALSE,FALSE,FALSE,PAX,,197212674520645633
 DatRascal,DatRascal#2030,TRUE,FALSE,FALSE,FALSE,FALSE,FALSE,PAX,,168936631716413440
 PK,PK#2537,TRUE,FALSE,FALSE,FALSE,FALSE,FALSE,PAX,,123657952325402625
 Protege,Protege#5022,TRUE,FALSE,FALSE,FALSE,FALSE,FALSE,PAX,,555568271987048448
 Badwolf,Badwolf#4920,TRUE,FALSE,FALSE,FALSE,FALSE,FALSE,PAX,,172558622998528002
 Skarcrowz,Skarcrowz#0737,TRUE,FALSE,FALSE,FALSE,FALSE,FALSE,PAX,,176160749779943425
 NomadToaster,NomadToaster#5346,TRUE,FALSE,FALSE,FALSE,FALSE,FALSE,PAX,,144667835975729153
 Wasddsaw,wasddsaw#7133,TRUE,FALSE,FALSE,FALSE,FALSE,FALSE,PAX,,608548099052535808
 Fitzand,Dendrik#4743,TRUE,FALSE,FALSE,FALSE,FALSE,FALSE,PAX,,323076403606061056
 WhosDadIsThis,WhosDadIsThis#8441,TRUE,FALSE,FALSE,FALSE,FALSE,FALSE,PAX,,188073227011096576
 Voyvoda,Voyvoda#9215,TRUE,FALSE,FALSE,FALSE,FALSE,FALSE,PAX,,137726506137944064
 Mamba,Mamba#4978,TRUE,FALSE,FALSE,FALSE,FALSE,FALSE,PAX,,125040477723426817
 Harlot,∆ßŒõ·ÑÇVŒõD”®–Ø DŒõ·ÑÇI#4849,TRUE,FALSE,FALSE,FALSE,FALSE,FALSE,PAX,,277873330890211329
 Shadron,Shadron#6349,TRUE,FALSE,FALSE,FALSE,FALSE,FALSE,PAX,,398646571492966400
 Claxis,Claxis#4621,TRUE,FALSE,FALSE,FALSE,FALSE,FALSE,PAX,,133067226373816320
 Khaos,Khaos#9129,TRUE,FALSE,FALSE,FALSE,FALSE,FALSE,PAX,,250385024061407233
KiN,KiN#0963,TRUE,FALSE,FALSE,FALSE,FALSE,FALSE,PAX,,290263637761720320
,,FALSE,FALSE,FALSE,FALSE,FALSE,FALSE,,,
,,FALSE,FALSE,FALSE,FALSE,FALSE,FALSE,,,
,,FALSE,FALSE,FALSE,FALSE,FALSE,FALSE,,,
,,FALSE,FALSE,FALSE,FALSE,FALSE,FALSE,,,
,,FALSE,FALSE,FALSE,FALSE,FALSE,FALSE,,,
,,FALSE,FALSE,FALSE,FALSE,FALSE,FALSE,,,
,,FALSE,FALSE,FALSE,FALSE,FALSE,FALSE,,,
,,FALSE,FALSE,FALSE,FALSE,FALSE,FALSE,,,
,,FALSE,FALSE,FALSE,FALSE,FALSE,FALSE,,,
,,FALSE,FALSE,FALSE,FALSE,FALSE,FALSE,,,
,,FALSE,FALSE,FALSE,FALSE,FALSE,FALSE,,,
,,FALSE,FALSE,FALSE,FALSE,FALSE,FALSE,,,
,,FALSE,FALSE,FALSE,FALSE,FALSE,FALSE,,,
,,FALSE,FALSE,FALSE,FALSE,FALSE,FALSE,,,
,,FALSE,FALSE,FALSE,FALSE,FALSE,FALSE,,,
,,FALSE,FALSE,FALSE,FALSE,FALSE,FALSE,,,
,,FALSE,FALSE,FALSE,FALSE,FALSE,FALSE,,,
,,FALSE,FALSE,FALSE,FALSE,FALSE,FALSE,,,
,,FALSE,FALSE,FALSE,FALSE,FALSE,FALSE,,,
,,FALSE,FALSE,FALSE,FALSE,FALSE,FALSE,,,
,,FALSE,FALSE,FALSE,FALSE,FALSE,FALSE,,,
,,FALSE,FALSE,FALSE,FALSE,FALSE,FALSE,,,
,,FALSE,FALSE,FALSE,FALSE,FALSE,FALSE,,,
,,FALSE,FALSE,FALSE,FALSE,FALSE,FALSE,,,
,,FALSE,FALSE,FALSE,FALSE,FALSE,FALSE,,,
,,FALSE,FALSE,FALSE,FALSE,FALSE,FALSE,,,
,,FALSE,FALSE,FALSE,FALSE,FALSE,FALSE,,,
,,FALSE,FALSE,FALSE,FALSE,FALSE,FALSE,,,
,,FALSE,FALSE,FALSE,FALSE,FALSE,FALSE,,,
,,FALSE,FALSE,FALSE,FALSE,FALSE,FALSE,,,
,,FALSE,FALSE,FALSE,FALSE,FALSE,FALSE,,,
,,FALSE,FALSE,FALSE,FALSE,FALSE,FALSE,,,
,,FALSE,FALSE,FALSE,FALSE,FALSE,FALSE,,,
,,FALSE,FALSE,FALSE,FALSE,FALSE,FALSE,,,
,,FALSE,FALSE,FALSE,FALSE,FALSE,FALSE,,,
,,FALSE,FALSE,FALSE,FALSE,FALSE,FALSE,,,
,,FALSE,FALSE,FALSE,FALSE,FALSE,FALSE,,,
,,FALSE,FALSE,FALSE,FALSE,FALSE,FALSE,,,
,,FALSE,FALSE,FALSE,FALSE,FALSE,FALSE,,,
,,FALSE,FALSE,FALSE,FALSE,FALSE,FALSE,,,
,,FALSE,FALSE,FALSE,FALSE,FALSE,FALSE,,,
,,FALSE,FALSE,FALSE,FALSE,FALSE,FALSE,,,
,,FALSE,FALSE,FALSE,FALSE,FALSE,FALSE,,,
,,FALSE,FALSE,FALSE,FALSE,FALSE,FALSE,,,
,,FALSE,FALSE,FALSE,FALSE,FALSE,FALSE,,,
,,FALSE,FALSE,FALSE,FALSE,FALSE,FALSE,,,
,,FALSE,FALSE,FALSE,FALSE,FALSE,FALSE,,,
,,FALSE,FALSE,FALSE,FALSE,FALSE,FALSE,,,
,,FALSE,FALSE,FALSE,FALSE,FALSE,FALSE,,,
,,FALSE,FALSE,FALSE,FALSE,FALSE,FALSE,,,
,,FALSE,FALSE,FALSE,FALSE,FALSE,FALSE,,,
,,FALSE,FALSE,FALSE,FALSE,FALSE,FALSE,,,
,,FALSE,FALSE,FALSE,FALSE,FALSE,FALSE,,,
,,FALSE,FALSE,FALSE,FALSE,FALSE,FALSE,,,
,,FALSE,FALSE,FALSE,FALSE,FALSE,FALSE,,,
,,FALSE,FALSE,FALSE,FALSE,FALSE,FALSE,,,
,,FALSE,FALSE,FALSE,FALSE,FALSE,FALSE,,,
,,FALSE,FALSE,FALSE,FALSE,FALSE,FALSE,,,
,,FALSE,FALSE,FALSE,FALSE,FALSE,FALSE,,,
,,FALSE,FALSE,FALSE,FALSE,FALSE,FALSE,,,
,,FALSE,FALSE,FALSE,FALSE,FALSE,FALSE,,,
,,FALSE,FALSE,FALSE,FALSE,FALSE,FALSE,,,
,,FALSE,FALSE,FALSE,FALSE,FALSE,FALSE,,,
,,FALSE,FALSE,FALSE,FALSE,FALSE,FALSE,,,
,,FALSE,FALSE,FALSE,FALSE,FALSE,FALSE,,,
,,FALSE,FALSE,FALSE,FALSE,FALSE,FALSE,,,
,,FALSE,FALSE,FALSE,FALSE,FALSE,FALSE,,,
,,FALSE,FALSE,FALSE,FALSE,FALSE,FALSE,,,
,,FALSE,FALSE,FALSE,FALSE,FALSE,FALSE,,,
,,FALSE,FALSE,FALSE,FALSE,FALSE,FALSE,,,
,,FALSE,FALSE,FALSE,FALSE,FALSE,FALSE,,,
,,FALSE,FALSE,FALSE,FALSE,FALSE,FALSE,,,
,,FALSE,FALSE,FALSE,FALSE,FALSE,FALSE,,,
,,FALSE,FALSE,FALSE,FALSE,FALSE,FALSE,,,
,,FALSE,FALSE,FALSE,FALSE,FALSE,FALSE,,,
,,FALSE,FALSE,FALSE,FALSE,FALSE,FALSE,,,
,,FALSE,FALSE,FALSE,FALSE,FALSE,FALSE,,,
,,FALSE,FALSE,FALSE,FALSE,FALSE,FALSE,,,
,,FALSE,FALSE,FALSE,FALSE,FALSE,FALSE,,,
,,FALSE,FALSE,FALSE,FALSE,FALSE,FALSE,,,
,,FALSE,FALSE,FALSE,FALSE,FALSE,FALSE,,,
,,FALSE,FALSE,FALSE,FALSE,FALSE,FALSE,,,
,,FALSE,FALSE,FALSE,FALSE,FALSE,FALSE,,,
,,FALSE,FALSE,FALSE,FALSE,FALSE,FALSE,,,
,,FALSE,FALSE,FALSE,FALSE,FALSE,FALSE,,,
,,FALSE,FALSE,FALSE,FALSE,FALSE,FALSE,,,
,,FALSE,FALSE,FALSE,FALSE,FALSE,FALSE,,,
,,FALSE,FALSE,FALSE,FALSE,FALSE,FALSE,,,
,,FALSE,FALSE,FALSE,FALSE,FALSE,FALSE,,,
,,FALSE,FALSE,FALSE,FALSE,FALSE,FALSE,,,
,,FALSE,FALSE,FALSE,FALSE,FALSE,FALSE,,,
,,FALSE,FALSE,FALSE,FALSE,FALSE,FALSE,,,
,,FALSE,FALSE,FALSE,FALSE,FALSE,FALSE,,,
,,FALSE,FALSE,FALSE,FALSE,FALSE,FALSE,,,
,,FALSE,FALSE,FALSE,FALSE,FALSE,FALSE,,,
,,FALSE,FALSE,FALSE,FALSE,FALSE,FALSE,,,
,,FALSE,FALSE,FALSE,FALSE,FALSE,FALSE,,,
,,FALSE,FALSE,FALSE,FALSE,FALSE,FALSE,,,
,,FALSE,FALSE,FALSE,FALSE,FALSE,FALSE,,,
,,FALSE,FALSE,FALSE,FALSE,FALSE,FALSE,,,
,,FALSE,FALSE,FALSE,FALSE,FALSE,FALSE,,,
,,FALSE,FALSE,FALSE,FALSE,FALSE,FALSE,,,
,,FALSE,FALSE,FALSE,FALSE,FALSE,FALSE,,,
,,FALSE,FALSE,FALSE,FALSE,FALSE,FALSE,,,
,,FALSE,FALSE,FALSE,FALSE,FALSE,FALSE,,,
,,FALSE,FALSE,FALSE,FALSE,FALSE,FALSE,,,
,,FALSE,FALSE,FALSE,FALSE,FALSE,FALSE,,,
,,FALSE,FALSE,FALSE,FALSE,FALSE,FALSE,,,
,,FALSE,FALSE,FALSE,FALSE,FALSE,FALSE,,,
,,FALSE,FALSE,FALSE,FALSE,FALSE,FALSE,,,
,,FALSE,FALSE,FALSE,FALSE,FALSE,FALSE,,,
,,FALSE,FALSE,FALSE,FALSE,FALSE,FALSE,,,
,,FALSE,FALSE,FALSE,FALSE,FALSE,FALSE,,,
,,FALSE,FALSE,FALSE,FALSE,FALSE,FALSE,,,
,,FALSE,FALSE,FALSE,FALSE,FALSE,FALSE,,,
,,FALSE,FALSE,FALSE,FALSE,FALSE,FALSE,,,
,,FALSE,FALSE,FALSE,FALSE,FALSE,FALSE,,,
,,FALSE,FALSE,FALSE,FALSE,FALSE,FALSE,,,
,,FALSE,FALSE,FALSE,FALSE,FALSE,FALSE,,,
,,FALSE,FALSE,FALSE,FALSE,FALSE,FALSE,,,
,,FALSE,FALSE,FALSE,FALSE,FALSE,FALSE,,,
,,FALSE,FALSE,FALSE,FALSE,FALSE,FALSE,,,
,,FALSE,FALSE,FALSE,FALSE,FALSE,FALSE,,,
,,FALSE,FALSE,FALSE,FALSE,FALSE,FALSE,,,
,,FALSE,FALSE,FALSE,FALSE,FALSE,FALSE,,,
,,FALSE,FALSE,FALSE,FALSE,FALSE,FALSE,,,
,,FALSE,FALSE,FALSE,FALSE,FALSE,FALSE,,,
,,FALSE,FALSE,FALSE,FALSE,FALSE,FALSE,,,
,,FALSE,FALSE,FALSE,FALSE,FALSE,FALSE,,,
,,FALSE,FALSE,FALSE,FALSE,FALSE,FALSE,,,
,,FALSE,FALSE,FALSE,FALSE,FALSE,FALSE,,,
,,FALSE,FALSE,FALSE,FALSE,FALSE,FALSE,,,
,,FALSE,FALSE,FALSE,FALSE,FALSE,FALSE,,,
,,FALSE,FALSE,FALSE,FALSE,FALSE,FALSE,,,
,,FALSE,FALSE,FALSE,FALSE,FALSE,FALSE,,,
,,FALSE,FALSE,FALSE,FALSE,FALSE,FALSE,,,
,,FALSE,FALSE,FALSE,FALSE,FALSE,FALSE,,,
,,FALSE,FALSE,FALSE,FALSE,FALSE,FALSE,,,
,,FALSE,FALSE,FALSE,FALSE,FALSE,FALSE,,,
,,FALSE,FALSE,FALSE,FALSE,FALSE,FALSE,,,
,,FALSE,FALSE,FALSE,FALSE,FALSE,FALSE,,,
,,FALSE,FALSE,FALSE,FALSE,FALSE,FALSE,,,
,,FALSE,FALSE,FALSE,FALSE,FALSE,FALSE,,,
,,FALSE,FALSE,FALSE,FALSE,FALSE,FALSE,,,
,,FALSE,FALSE,FALSE,FALSE,FALSE,FALSE,,,
,,FALSE,FALSE,FALSE,FALSE,FALSE,FALSE,,,
,,FALSE,FALSE,FALSE,FALSE,FALSE,FALSE,,,
,,FALSE,FALSE,FALSE,FALSE,FALSE,FALSE,,,
,,FALSE,FALSE,FALSE,FALSE,FALSE,FALSE,,,
,,FALSE,FALSE,FALSE,FALSE,FALSE,FALSE,,,
,,FALSE,FALSE,FALSE,FALSE,FALSE,FALSE,,,
,,FALSE,FALSE,FALSE,FALSE,FALSE,FALSE,,,
,,FALSE,FALSE,FALSE,FALSE,FALSE,FALSE,,,
,,FALSE,FALSE,FALSE,FALSE,FALSE,FALSE,,,
,,FALSE,FALSE,FALSE,FALSE,FALSE,FALSE,,,
,,FALSE,FALSE,FALSE,FALSE,FALSE,FALSE,,,
,,FALSE,FALSE,FALSE,FALSE,FALSE,FALSE,,,
,,FALSE,FALSE,FALSE,FALSE,FALSE,FALSE,,,
,,FALSE,FALSE,FALSE,FALSE,FALSE,FALSE,,,
,,FALSE,FALSE,FALSE,FALSE,FALSE,FALSE,,,
,,FALSE,FALSE,FALSE,FALSE,FALSE,FALSE,,,
,,FALSE,FALSE,FALSE,FALSE,FALSE,FALSE,,,
,,FALSE,FALSE,FALSE,FALSE,FALSE,FALSE,,,
,,FALSE,FALSE,FALSE,FALSE,FALSE,FALSE,,,
,,FALSE,FALSE,FALSE,FALSE,FALSE,FALSE,,,
,,FALSE,FALSE,FALSE,FALSE,FALSE,FALSE,,,
,,FALSE,FALSE,FALSE,FALSE,FALSE,FALSE,,,
,,FALSE,FALSE,FALSE,FALSE,FALSE,FALSE,,,
,,FALSE,FALSE,FALSE,FALSE,FALSE,FALSE,,,
,,FALSE,FALSE,FALSE,FALSE,FALSE,FALSE,,,
,,FALSE,FALSE,FALSE,FALSE,FALSE,FALSE,,,
,,FALSE,FALSE,FALSE,FALSE,FALSE,FALSE,,,
,,FALSE,FALSE,FALSE,FALSE,FALSE,FALSE,,,
,,FALSE,FALSE,FALSE,FALSE,FALSE,FALSE,,,
,,FALSE,FALSE,FALSE,FALSE,FALSE,FALSE,,,
,,FALSE,FALSE,FALSE,FALSE,FALSE,FALSE,,,
,,FALSE,FALSE,FALSE,FALSE,FALSE,FALSE,,,
,,FALSE,FALSE,FALSE,FALSE,FALSE,FALSE,,,
,,FALSE,FALSE,FALSE,FALSE,FALSE,FALSE,,,
,,FALSE,FALSE,FALSE,FALSE,FALSE,FALSE,,,
,,FALSE,FALSE,FALSE,FALSE,FALSE,FALSE,,,
,,FALSE,FALSE,FALSE,FALSE,FALSE,FALSE,,,
,,FALSE,FALSE,FALSE,FALSE,FALSE,FALSE,,,
,,FALSE,FALSE,FALSE,FALSE,FALSE,FALSE,,,
,,FALSE,FALSE,FALSE,FALSE,FALSE,FALSE,,,
,,FALSE,FALSE,FALSE,FALSE,FALSE,FALSE,,,
,,FALSE,FALSE,FALSE,FALSE,FALSE,FALSE,,,
,,FALSE,FALSE,FALSE,FALSE,FALSE,FALSE,,,
,,FALSE,FALSE,FALSE,FALSE,FALSE,FALSE,,,
,,FALSE,FALSE,FALSE,FALSE,FALSE,FALSE,,,
,,FALSE,FALSE,FALSE,FALSE,FALSE,FALSE,,,
,,FALSE,FALSE,FALSE,FALSE,FALSE,FALSE,,,
,,FALSE,FALSE,FALSE,FALSE,FALSE,FALSE,,,
,,FALSE,FALSE,FALSE,FALSE,FALSE,FALSE,,,
,,FALSE,FALSE,FALSE,FALSE,FALSE,FALSE,,,
,,FALSE,FALSE,FALSE,FALSE,FALSE,FALSE,,,
,,FALSE,FALSE,FALSE,FALSE,FALSE,FALSE,,,
,,FALSE,FALSE,FALSE,FALSE,FALSE,FALSE,,,
,,FALSE,FALSE,FALSE,FALSE,FALSE,FALSE,,,
,,FALSE,FALSE,FALSE,FALSE,FALSE,FALSE,,,
,,FALSE,FALSE,FALSE,FALSE,FALSE,FALSE,,,
,,FALSE,FALSE,FALSE,FALSE,FALSE,FALSE,,,
,,FALSE,FALSE,FALSE,FALSE,FALSE,FALSE,,,
,,FALSE,FALSE,FALSE,FALSE,FALSE,FALSE,,,
,,FALSE,FALSE,FALSE,FALSE,FALSE,FALSE,,,
,,FALSE,FALSE,FALSE,FALSE,FALSE,FALSE,,,
,,FALSE,FALSE,FALSE,FALSE,FALSE,FALSE,,,
,,FALSE,FALSE,FALSE,FALSE,FALSE,FALSE,,,
,,FALSE,FALSE,FALSE,FALSE,FALSE,FALSE,,,
,,FALSE,FALSE,FALSE,FALSE,FALSE,FALSE,,,
,,FALSE,FALSE,FALSE,FALSE,FALSE,FALSE,,,
,,FALSE,FALSE,FALSE,FALSE,FALSE,FALSE,,,
,,FALSE,FALSE,FALSE,FALSE,FALSE,FALSE,,,
,,FALSE,FALSE,FALSE,FALSE,FALSE,FALSE,,,
,,FALSE,FALSE,FALSE,FALSE,FALSE,FALSE,,,
,,FALSE,FALSE,FALSE,FALSE,FALSE,FALSE,,,
,,FALSE,FALSE,FALSE,FALSE,FALSE,FALSE,,,
,,FALSE,FALSE,FALSE,FALSE,FALSE,FALSE,,,
,,FALSE,FALSE,FALSE,FALSE,FALSE,FALSE,,,
,,FALSE,FALSE,FALSE,FALSE,FALSE,FALSE,,,
,,FALSE,FALSE,FALSE,FALSE,FALSE,FALSE,,,
,,FALSE,FALSE,FALSE,FALSE,FALSE,FALSE,,,
,,FALSE,FALSE,FALSE,FALSE,FALSE,FALSE,,,
,,FALSE,FALSE,FALSE,FALSE,FALSE,FALSE,,,
,,FALSE,FALSE,FALSE,FALSE,FALSE,FALSE,,,
,,FALSE,FALSE,FALSE,FALSE,FALSE,FALSE,,,
,,FALSE,FALSE,FALSE,FALSE,FALSE,FALSE,,,
,,FALSE,FALSE,FALSE,FALSE,FALSE,FALSE,,,
,,FALSE,FALSE,FALSE,FALSE,FALSE,FALSE,,,
,,FALSE,FALSE,FALSE,FALSE,FALSE,FALSE,,,
,,FALSE,FALSE,FALSE,FALSE,FALSE,FALSE,,,
,,FALSE,FALSE,FALSE,FALSE,FALSE,FALSE,,,
,,FALSE,FALSE,FALSE,FALSE,FALSE,FALSE,,,
,,FALSE,FALSE,FALSE,FALSE,FALSE,FALSE,,,
,,FALSE,FALSE,FALSE,FALSE,FALSE,FALSE,,,
,,FALSE,FALSE,FALSE,FALSE,FALSE,FALSE,,,
,,FALSE,FALSE,FALSE,FALSE,FALSE,FALSE,,,
,,FALSE,FALSE,FALSE,FALSE,FALSE,FALSE,,,
,,FALSE,FALSE,FALSE,FALSE,FALSE,FALSE,,,
,,FALSE,FALSE,FALSE,FALSE,FALSE,FALSE,,,
,,FALSE,FALSE,FALSE,FALSE,FALSE,FALSE,,,
,,FALSE,FALSE,FALSE,FALSE,FALSE,FALSE,,,
,,FALSE,FALSE,FALSE,FALSE,FALSE,FALSE,,,
,,FALSE,FALSE,FALSE,FALSE,FALSE,FALSE,,,
,,FALSE,FALSE,FALSE,FALSE,FALSE,FALSE,,,
,,FALSE,FALSE,FALSE,FALSE,FALSE,FALSE,,,
,,FALSE,FALSE,FALSE,FALSE,FALSE,FALSE,,,
,,FALSE,FALSE,FALSE,FALSE,FALSE,FALSE,,,
,,FALSE,FALSE,FALSE,FALSE,FALSE,FALSE,,,
,,FALSE,FALSE,FALSE,FALSE,FALSE,FALSE,,,
,,FALSE,FALSE,FALSE,FALSE,FALSE,FALSE,,,
,,FALSE,FALSE,FALSE,FALSE,FALSE,FALSE,,,
,,FALSE,FALSE,FALSE,FALSE,FALSE,FALSE,,,
,,FALSE,FALSE,FALSE,FALSE,FALSE,FALSE,,,
,,FALSE,FALSE,FALSE,FALSE,FALSE,FALSE,,,
,,FALSE,FALSE,FALSE,FALSE,FALSE,FALSE,,,
,,FALSE,FALSE,FALSE,FALSE,FALSE,FALSE,,,
,,FALSE,FALSE,FALSE,FALSE,FALSE,FALSE,,,
,,FALSE,FALSE,FALSE,FALSE,FALSE,FALSE,,,
,,FALSE,FALSE,FALSE,FALSE,FALSE,FALSE,,,
,,FALSE,FALSE,FALSE,FALSE,FALSE,FALSE,,,
,,FALSE,FALSE,FALSE,FALSE,FALSE,FALSE,,,
,,FALSE,FALSE,FALSE,FALSE,FALSE,FALSE,,,
,,FALSE,FALSE,FALSE,FALSE,FALSE,FALSE,,,
,,FALSE,FALSE,FALSE,FALSE,FALSE,FALSE,,,
,,FALSE,FALSE,FALSE,FALSE,FALSE,FALSE,,,
,,FALSE,FALSE,FALSE,FALSE,FALSE,FALSE,,,
,,FALSE,FALSE,FALSE,FALSE,FALSE,FALSE,,,
,,FALSE,FALSE,FALSE,FALSE,FALSE,FALSE,,,
,,FALSE,FALSE,FALSE,FALSE,FALSE,FALSE,,,
,,FALSE,FALSE,FALSE,FALSE,FALSE,FALSE,,,
,,FALSE,FALSE,FALSE,FALSE,FALSE,FALSE,,,
,,FALSE,FALSE,FALSE,FALSE,FALSE,FALSE,,,
,,FALSE,FALSE,FALSE,FALSE,FALSE,FALSE,,,
,,FALSE,FALSE,FALSE,FALSE,FALSE,FALSE,,,
,,FALSE,FALSE,FALSE,FALSE,FALSE,FALSE,,,
,,FALSE,FALSE,FALSE,FALSE,FALSE,FALSE,,,
,,FALSE,FALSE,FALSE,FALSE,FALSE,FALSE,,,
,,FALSE,FALSE,FALSE,FALSE,FALSE,FALSE,,,
,,FALSE,FALSE,FALSE,FALSE,FALSE,FALSE,,,
,,FALSE,FALSE,FALSE,FALSE,FALSE,FALSE,,,
,,FALSE,FALSE,FALSE,FALSE,FALSE,FALSE,,,
,,FALSE,FALSE,FALSE,FALSE,FALSE,FALSE,,,
,,FALSE,FALSE,FALSE,FALSE,FALSE,FALSE,,,
,,FALSE,FALSE,FALSE,FALSE,FALSE,FALSE,,,
,,FALSE,FALSE,FALSE,FALSE,FALSE,FALSE,,,
,,FALSE,FALSE,FALSE,FALSE,FALSE,FALSE,,,
,,FALSE,FALSE,FALSE,FALSE,FALSE,FALSE,,,
,,FALSE,FALSE,FALSE,FALSE,FALSE,FALSE,,,
,,FALSE,FALSE,FALSE,FALSE,FALSE,FALSE,,,
,,FALSE,FALSE,FALSE,FALSE,FALSE,FALSE,,,
,,FALSE,FALSE,FALSE,FALSE,FALSE,FALSE,,,
,,FALSE,FALSE,FALSE,FALSE,FALSE,FALSE,,,
,,FALSE,FALSE,FALSE,FALSE,FALSE,FALSE,,,
,,FALSE,FALSE,FALSE,FALSE,FALSE,FALSE,,,
,,FALSE,FALSE,FALSE,FALSE,FALSE,FALSE,,,
,,FALSE,FALSE,FALSE,FALSE,FALSE,FALSE,,,
,,FALSE,FALSE,FALSE,FALSE,FALSE,FALSE,,,
,,FALSE,FALSE,FALSE,FALSE,FALSE,FALSE,,,
,,FALSE,FALSE,FALSE,FALSE,FALSE,FALSE,,,
,,FALSE,FALSE,FALSE,FALSE,FALSE,FALSE,,,
,,FALSE,FALSE,FALSE,FALSE,FALSE,FALSE,,,
,,FALSE,FALSE,FALSE,FALSE,FALSE,FALSE,,,
,,FALSE,FALSE,FALSE,FALSE,FALSE,FALSE,,,
,,FALSE,FALSE,FALSE,FALSE,FALSE,FALSE,,,
,,FALSE,FALSE,FALSE,FALSE,FALSE,FALSE,,,
,,FALSE,FALSE,FALSE,FALSE,FALSE,FALSE,,,
,,FALSE,FALSE,FALSE,FALSE,FALSE,FALSE,,,
,,FALSE,FALSE,FALSE,FALSE,FALSE,FALSE,,,
,,FALSE,FALSE,FALSE,FALSE,FALSE,FALSE,,,
,,FALSE,FALSE,FALSE,FALSE,FALSE,FALSE,,,
,,FALSE,FALSE,FALSE,FALSE,FALSE,FALSE,,,
,,FALSE,FALSE,FALSE,FALSE,FALSE,FALSE,,,
,,FALSE,FALSE,FALSE,FALSE,FALSE,FALSE,,,
,,FALSE,FALSE,FALSE,FALSE,FALSE,FALSE,,,
,,FALSE,FALSE,FALSE,FALSE,FALSE,FALSE,,,
,,FALSE,FALSE,FALSE,FALSE,FALSE,FALSE,,,
,,FALSE,FALSE,FALSE,FALSE,FALSE,FALSE,,,
,,FALSE,FALSE,FALSE,FALSE,FALSE,FALSE,,,
,,FALSE,FALSE,FALSE,FALSE,FALSE,FALSE,,,
,,FALSE,FALSE,FALSE,FALSE,FALSE,FALSE,,,
,,FALSE,FALSE,FALSE,FALSE,FALSE,FALSE,,,
,,FALSE,FALSE,FALSE,FALSE,FALSE,FALSE,,,
,,FALSE,FALSE,FALSE,FALSE,FALSE,FALSE,,,
,,FALSE,FALSE,FALSE,FALSE,FALSE,FALSE,,,
,,FALSE,FALSE,FALSE,FALSE,FALSE,FALSE,,,
,,FALSE,FALSE,FALSE,FALSE,FALSE,FALSE,,,
,,FALSE,FALSE,FALSE,FALSE,FALSE,FALSE,,,
,,FALSE,FALSE,FALSE,FALSE,FALSE,FALSE,,,
,,FALSE,FALSE,FALSE,FALSE,FALSE,FALSE,,,
,,FALSE,FALSE,FALSE,FALSE,FALSE,FALSE,,,
,,FALSE,FALSE,FALSE,FALSE,FALSE,FALSE,,,
,,FALSE,FALSE,FALSE,FALSE,FALSE,FALSE,,,
,,FALSE,FALSE,FALSE,FALSE,FALSE,FALSE,,,
,,FALSE,FALSE,FALSE,FALSE,FALSE,FALSE,,,
,,FALSE,FALSE,FALSE,FALSE,FALSE,FALSE,,,
,,FALSE,FALSE,FALSE,FALSE,FALSE,FALSE,,,
,,FALSE,FALSE,FALSE,FALSE,FALSE,FALSE,,,
,,FALSE,FALSE,FALSE,FALSE,FALSE,FALSE,,,
,,FALSE,FALSE,FALSE,FALSE,FALSE,FALSE,,,
,,FALSE,FALSE,FALSE,FALSE,FALSE,FALSE,,,
,,FALSE,FALSE,FALSE,FALSE,FALSE,FALSE,,,
,,FALSE,FALSE,FALSE,FALSE,FALSE,FALSE,,,
,,FALSE,FALSE,FALSE,FALSE,FALSE,FALSE,,,
,,FALSE,FALSE,FALSE,FALSE,FALSE,FALSE,,,
,,FALSE,FALSE,FALSE,FALSE,FALSE,FALSE,,,
,,FALSE,FALSE,FALSE,FALSE,FALSE,FALSE,,,
,,FALSE,FALSE,FALSE,FALSE,FALSE,FALSE,,,
,,FALSE,FALSE,FALSE,FALSE,FALSE,FALSE,,,
,,FALSE,FALSE,FALSE,FALSE,FALSE,FALSE,,,
,,FALSE,FALSE,FALSE,FALSE,FALSE,FALSE,,,
,,FALSE,FALSE,FALSE,FALSE,FALSE,FALSE,,,
,,FALSE,FALSE,FALSE,FALSE,FALSE,FALSE,,,
,,FALSE,FALSE,FALSE,FALSE,FALSE,FALSE,,,
,,FALSE,FALSE,FALSE,FALSE,FALSE,FALSE,,,
,,FALSE,FALSE,FALSE,FALSE,FALSE,FALSE,,,
,,FALSE,FALSE,FALSE,FALSE,FALSE,FALSE,,,
,,FALSE,FALSE,FALSE,FALSE,FALSE,FALSE,,,
,,FALSE,FALSE,FALSE,FALSE,FALSE,FALSE,,,
,,FALSE,FALSE,FALSE,FALSE,FALSE,FALSE,,,
,,FALSE,FALSE,FALSE,FALSE,FALSE,FALSE,,,
,,FALSE,FALSE,FALSE,FALSE,FALSE,FALSE,,,
,,FALSE,FALSE,FALSE,FALSE,FALSE,FALSE,,,
,,FALSE,FALSE,FALSE,FALSE,FALSE,FALSE,,,
,,FALSE,FALSE,FALSE,FALSE,FALSE,FALSE,,,
,,FALSE,FALSE,FALSE,FALSE,FALSE,FALSE,,,
,,FALSE,FALSE,FALSE,FALSE,FALSE,FALSE,,,
,,FALSE,FALSE,FALSE,FALSE,FALSE,FALSE,,,
,,FALSE,FALSE,FALSE,FALSE,FALSE,FALSE,,,
,,FALSE,FALSE,FALSE,FALSE,FALSE,FALSE,,,
,,FALSE,FALSE,FALSE,FALSE,FALSE,FALSE,,,
,,FALSE,FALSE,FALSE,FALSE,FALSE,FALSE,,,
,,FALSE,FALSE,FALSE,FALSE,FALSE,FALSE,,,
,,FALSE,FALSE,FALSE,FALSE,FALSE,FALSE,,,
,,FALSE,FALSE,FALSE,FALSE,FALSE,FALSE,,,
,,FALSE,FALSE,FALSE,FALSE,FALSE,FALSE,,,
,,FALSE,FALSE,FALSE,FALSE,FALSE,FALSE,,,
,,FALSE,FALSE,FALSE,FALSE,FALSE,FALSE,,,
,,FALSE,FALSE,FALSE,FALSE,FALSE,FALSE,,,
,,FALSE,FALSE,FALSE,FALSE,FALSE,FALSE,,,
,,FALSE,FALSE,FALSE,FALSE,FALSE,FALSE,,,
,,FALSE,FALSE,FALSE,FALSE,FALSE,FALSE,,,
,,FALSE,FALSE,FALSE,FALSE,FALSE,FALSE,,,
,,FALSE,FALSE,FALSE,FALSE,FALSE,FALSE,,,
,,FALSE,FALSE,FALSE,FALSE,FALSE,FALSE,,,
,,FALSE,FALSE,FALSE,FALSE,FALSE,FALSE,,,
,,FALSE,FALSE,FALSE,FALSE,FALSE,FALSE,,,
,,FALSE,FALSE,FALSE,FALSE,FALSE,FALSE,,,
,,FALSE,FALSE,FALSE,FALSE,FALSE,FALSE,,,
,,FALSE,FALSE,FALSE,FALSE,FALSE,FALSE,,,
,,FALSE,FALSE,FALSE,FALSE,FALSE,FALSE,,,
,,FALSE,FALSE,FALSE,FALSE,FALSE,FALSE,,,
,,FALSE,FALSE,FALSE,FALSE,FALSE,FALSE,,,
,,FALSE,FALSE,FALSE,FALSE,FALSE,FALSE,,,
,,FALSE,FALSE,FALSE,FALSE,FALSE,FALSE,,,
,,FALSE,FALSE,FALSE,FALSE,FALSE,FALSE,,,
,,FALSE,FALSE,FALSE,FALSE,FALSE,FALSE,,,
,,FALSE,FALSE,FALSE,FALSE,FALSE,FALSE,,,
,,FALSE,FALSE,FALSE,FALSE,FALSE,FALSE,,,
,,FALSE,FALSE,FALSE,FALSE,FALSE,FALSE,,,
,,FALSE,FALSE,FALSE,FALSE,FALSE,FALSE,,,
,,FALSE,FALSE,FALSE,FALSE,FALSE,FALSE,,,
,,FALSE,FALSE,FALSE,FALSE,FALSE,FALSE,,,
,,FALSE,FALSE,FALSE,FALSE,FALSE,FALSE,,,
,,FALSE,FALSE,FALSE,FALSE,FALSE,FALSE,,,
,,FALSE,FALSE,FALSE,FALSE,FALSE,FALSE,,,
,,FALSE,FALSE,FALSE,FALSE,FALSE,FALSE,,,
,,FALSE,FALSE,FALSE,FALSE,FALSE,FALSE,,,